pruid,prname,prnameFR,date,update,numconf,numprob,numdeaths,numtotal,numtested,numtests,numrecover,percentrecover,ratetested,ratetests,numtoday,percentoday,ratetotal,ratedeaths,numdeathstoday,percentdeath,numtestedtoday,numteststoday,numrecoveredtoday,percentactive,numactive,rateactive,numtotal_last14,ratetotal_last14,numdeaths_last14,ratedeaths_last14,numtotal_last7,ratetotal_last7,numdeaths_last7,ratedeaths_last7,avgtotal_last7,avgincidence_last7,avgdeaths_last7,avgratedeaths_last7,raterecovered
35,Ontario,Ontario,1/31/2020,,3,0,0,3,,0,,,,,3,300,0.02,0,0,0,,,,100,3,0.02,,,,,,,,,,,,,0
59,British Columbia,Colombie-Britannique,1/31/2020,,1,0,0,1,,0,,,,,1,100,0.02,0,0,0,,,,100,1,0.02,,,,,,,,,,,,,0
1,Canada,Canada,1/31/2020,,4,0,0,4,,0,,,,,4,400,0.01,0,0,0,,,,100,4,0.01,,,,,,,,,,,,,0
35,Ontario,Ontario,2/8/2020,,3,0,0,3,,0,,,,,0,0,0.02,0,0,0,,,,100,3,0.02,,,,,,,,,,,,,0
59,British Columbia,Colombie-Britannique,2/8/2020,,4,0,0,4,,63,,,,12,3,300,0.08,0,0,0,,,,100,4,0.08,,,,,,,,,,,,,0
1,Canada,Canada,2/8/2020,,7,0,0,7,,63,,,,2,3,75,0.02,0,0,0,,,,100,7,0.02,,,,,,,,,,,,,0
35,Ontario,Ontario,2/16/2020,,3,0,0,3,,0,,,,,0,0,0.02,0,0,0,,,,100,3,0.02,,,,,,,,,,,,,0
59,British Columbia,Colombie-Britannique,2/16/2020,,5,0,0,5,,109,,,,21,1,25,0.1,0,0,0,,,,100,5,0.1,,,,,,,,,,,,,0
1,Canada,Canada,2/16/2020,,8,0,0,8,,109,,,,3,1,14.29,0.02,0,0,0,,,,100,8,0.02,,,,,,,,,,,,,0
35,Ontario,Ontario,2/21/2020,,3,0,0,3,,0,,,,,0,0,0.02,0,0,0,,,,100,3,0.02,,,,,,,,,,,,,0
59,British Columbia,Colombie-Britannique,2/21/2020,,6,0,0,6,,166,,,,32,1,20,0.12,0,0,0,,,,100,6,0.12,,,,,,,,,,,,,0
1,Canada,Canada,2/21/2020,,9,0,0,9,,166,,,,4,1,12.5,0.02,0,0,0,,,,100,9,0.02,,,,,,,,,,,,,0
35,Ontario,Ontario,2/24/2020,,4,0,0,4,,0,,,,,1,33.33,0.03,0,0,0,,,,100,4,0.03,,,,,,,,,,,,,0
59,British Columbia,Colombie-Britannique,2/24/2020,,6,0,0,6,,212,,,,41,0,0,0.12,0,0,0,,,,100,6,0.12,,,,,,,,,,,,,0
1,Canada,Canada,2/24/2020,,10,0,0,10,,212,,,,6,1,11.11,0.03,0,0,0,,,,100,10,0.03,,,,,,,,,,,,,0
35,Ontario,Ontario,2/25/2020,,4,0,0,4,,0,,,,,0,0,0.03,0,0,0,,,,100,4,0.03,,,,,,,,,,,,,0
59,British Columbia,Colombie-Britannique,2/25/2020,,7,0,0,7,,230,,,,45,1,16.67,0.14,0,0,0,,,,100,7,0.14,,,,,,,,,,,,,0
1,Canada,Canada,2/25/2020,,11,0,0,11,,230,,,,6,1,10,0.03,0,0,0,,,,100,11,0.03,,,,,,,,,,,,,0
35,Ontario,Ontario,2/26/2020,,5,0,0,5,,0,,,,,1,25,0.03,0,0,0,,,,100,5,0.03,,,,,,,,,,,,,0
59,British Columbia,Colombie-Britannique,2/26/2020,,7,0,0,7,,292,,,,57,0,0,0.14,0,0,0,,,,100,7,0.14,,,,,,,,,,,,,0
1,Canada,Canada,2/26/2020,,12,0,0,12,,292,,,,8,1,9.09,0.03,0,0,0,,,,100,12,0.03,,,,,,,,,,,,,0
35,Ontario,Ontario,2/27/2020,,6,0,0,6,,0,,,,,1,20,0.04,0,0,0,,,,100,6,0.04,,,,,,,,,,,,,0
59,British Columbia,Colombie-Britannique,2/27/2020,,7,0,0,7,,369,,,,72,0,0,0.14,0,0,0,,,,100,7,0.14,,,,,,,,,,,,,0
1,Canada,Canada,2/27/2020,,13,0,0,13,,369,,,,10,1,8.33,0.03,0,0,0,,,,100,13,0.03,,,,,,,,,,,,,0
35,Ontario,Ontario,2/29/2020,,8,0,0,8,,0,,,,,2,33.33,0.05,0,0,0,,,,100,8,0.05,,,,,,,,,,,,,0
59,British Columbia,Colombie-Britannique,2/29/2020,,7,0,0,7,,510,,,,99,0,0,0.14,0,0,0,,,,100,7,0.14,,,,,,,,,,,,,0
1,Canada,Canada,2/29/2020,,15,0,0,15,,510,,,,13,2,15.38,0.04,0,0,0,,,,100,15,0.04,,,,,,,,,,,,,0
35,Ontario,Ontario,3/1/2020,,15,0,0,15,,0,,,,,7,87.5,0.1,0,0,0,,,,100,15,0.1,,,,,,,,,,,,,0
59,British Columbia,Colombie-Britannique,3/1/2020,,8,0,0,8,,616,,,,120,1,14.29,0.16,0,0,0,,,,100,8,0.16,,,,,,,,,,,,,0
24,Quebec,QuÃ©bec,3/1/2020,,1,0,0,1,,19,,,,2,1,100,0.01,0,0,0,,,,100,1,0.01,,,,,,,,,,,,,0
1,Canada,Canada,3/1/2020,,24,0,0,24,,635,,,,17,9,60,0.06,0,0,0,,,,100,24,0.06,,,,,,,,,,,,,0
35,Ontario,Ontario,3/3/2020,,20,0,0,20,,0,,,,,5,33.33,0.14,0,0,0,,,,100,20,0.14,,,,,,,,,,,,,0
59,British Columbia,Colombie-Britannique,3/3/2020,,12,0,0,12,,690,,,,134,4,50,0.23,0,0,0,,,,100,12,0.23,,,,,,,,,,,,,0
24,Quebec,QuÃ©bec,3/3/2020,,1,0,0,1,,43,,,,5,0,0,0.01,0,0,0,,,,100,1,0.01,,,,,,,,,,,,,0
1,Canada,Canada,3/3/2020,,33,0,0,33,,733,,,,19,9,37.5,0.09,0,0,0,,,,100,33,0.09,,,,,,,,,,,,,0
35,Ontario,Ontario,3/5/2020,,22,0,0,22,,0,,,,,2,10,0.15,0,0,0,,,,100,22,0.15,,,,,,,,,,,,,0
59,British Columbia,Colombie-Britannique,3/5/2020,,21,0,0,21,,1045,,,,203,9,75,0.41,0,0,0,,,,100,21,0.41,,,,,,,,,,,,,0
24,Quebec,QuÃ©bec,3/5/2020,,2,0,0,2,,54,,,,6,1,100,0.02,0,0,0,,,,100,2,0.02,,,,,,,,,,,,,0
1,Canada,Canada,3/5/2020,,45,0,0,45,,1099,,,,29,12,36.36,0.12,0,0,0,,,,100,45,0.12,,,,,,,,,,,,,0
35,Ontario,Ontario,3/6/2020,,28,0,0,28,,0,,,,,6,27.27,0.19,0,0,0,,,,100,28,0.19,,,,,,,,,,,,,0
59,British Columbia,Colombie-Britannique,3/6/2020,,21,0,0,21,,1313,,,,255,0,0,0.41,0,0,0,,,,100,21,0.41,,,,,,,,,,,,,0
24,Quebec,QuÃ©bec,3/6/2020,,2,0,0,2,,82,,,,10,0,0,0.02,0,0,0,,,,100,2,0.02,,,,,,,,,,,,,0
1,Canada,Canada,3/6/2020,,51,0,0,51,,1395,,,,37,6,13.33,0.13,0,0,0,,,,100,51,0.13,,,,,,,,,,,,,0
35,Ontario,Ontario,3/7/2020,,28,0,0,28,,0,,,,,0,0,0.19,0,0,0,,,,100,28,0.19,,,,,,,,,,,,,0
59,British Columbia,Colombie-Britannique,3/7/2020,,27,0,0,27,,1655,,,,322,6,28.57,0.52,0,0,0,,,,100,27,0.52,,,,,,,,,,,,,0
24,Quebec,QuÃ©bec,3/7/2020,,2,0,0,2,,112,,,,13,0,0,0.02,0,0,0,,,,100,2,0.02,,,,,,,,,,,,,0
1,Canada,Canada,3/7/2020,,57,0,0,57,,1767,,,,46,6,11.76,0.15,0,0,0,,,,100,57,0.15,,,,,,,,,,,,,0
35,Ontario,Ontario,3/8/2020,,31,0,0,31,,0,,,,,3,10.71,0.21,0,0,0,,,,100,31,0.21,,,,,,,,,,,,,0
59,British Columbia,Colombie-Britannique,3/8/2020,,27,0,1,27,,2478,,,,481,0,0,0.52,0.02,1,3.7,,,,96.3,26,0.51,,,,,,,,,,,,,0
24,Quebec,QuÃ©bec,3/8/2020,,3,0,0,3,,161,,,,19,1,50,0.03,0,0,0,,,,100,3,0.03,,,,,,,,,,,,,0
48,Alberta,Alberta,3/8/2020,,1,0,0,1,,60,,,,14,1,100,0.02,0,0,0,,,,100,1,0.02,,,,,,,,,,,,,0
1,Canada,Canada,3/8/2020,,62,0,1,62,,2699,,,,71,5,8.77,0.16,0,1,1.61,,,,98.39,61,0.16,,,,,,,,,,,,,0
35,Ontario,Ontario,3/9/2020,,34,0,0,34,,0,,,,,3,9.68,0.23,0,0,0,,,,100,34,0.23,,,,,,,,,,,,,0
59,British Columbia,Colombie-Britannique,3/9/2020,,32,0,1,32,,2989,,,,581,5,18.52,0.62,0.02,0,3.13,,,,96.88,31,0.6,,,,,,,,,,,,,0
24,Quebec,QuÃ©bec,3/9/2020,,4,0,0,4,,201,,,,23,1,33.33,0.05,0,0,0,,,,100,4,0.05,,,,,,,,,,,,,0
48,Alberta,Alberta,3/9/2020,,7,0,0,7,,341,,,,77,6,600,0.16,0,0,0,,,,100,7,0.16,,,,,,,,,,,,,0
1,Canada,Canada,3/9/2020,,77,0,1,77,,3531,,,,93,15,24.19,0.2,0,0,1.3,,,,98.7,76,0.2,,,,,,,,,,,,,0
59,British Columbia,Colombie-Britannique,3/11/2020,,39,0,1,39,4373,3545,,,850,689,7,21.88,0.76,0.02,0,2.56,4373,,,97.44,38,0.74,,,,,,,,,,,,,0
48,Alberta,Alberta,3/11/2020,,14,0,0,14,1969,984,,,445,223,7,100,0.32,0,0,0,1969,,,100,14,0.32,,,,,,,,,,,,,0
47,Saskatchewan,Saskatchewan,3/11/2020,,0,0,0,0,204,0,,,173,,0,0,0,0,0,,204,,,,,0,,,,,,,,,,,,,0
46,Manitoba,Manitoba,3/11/2020,,0,0,0,0,352,13,,,255,9,0,0,0,0,0,,352,,,,,0,,,,,,,,,,,,,0
35,Ontario,Ontario,3/11/2020,,42,0,1,42,3394,0,,,230,,8,23.53,0.29,0.01,1,2.38,3394,,,97.62,41,0.28,,,,,,,,,,,,,0
24,Quebec,QuÃ©bec,3/11/2020,,7,0,0,7,556,266,,,65,31,3,75,0.08,0,0,0,556,,,100,7,0.08,,,,,,,,,,,,,0
13,New Brunswick,Nouveau-Brunswick,3/11/2020,,0,0,0,0,22,6,,,28,8,0,0,0,0,0,,22,,,,,0,,,,,,,,,,,,,0
10,Newfoundland and Labrador,Terre-Neuve-et-Labrador,3/11/2020,,0,0,0,0,44,4,,,84,8,0,0,0,0,0,,44,,,,,0,,,,,,,,,,,,,0
12,Nova Scotia,Nouvelle-Ã‰cosse,3/11/2020,,0,0,0,0,103,3,,,105,3,0,0,0,0,0,,103,,,,,0,,,,,,,,,,,,,0
11,Prince Edward Island,ÃŽle-du-Prince-Ã‰douard,3/11/2020,,0,0,0,0,6,0,,,38,,0,0,0,0,0,,6,,,,,0,,,,,,,,,,,,,0
61,Northwest Territories,Territoires du Nord-Ouest,3/11/2020,,0,0,0,0,0,2,,,,44,0,0,0,0,0,,0,,,,,0,,,,,,,,,,,,,0
62,Nunavut,Nunavut,3/11/2020,,0,0,0,0,0,0,,,,,0,0,0,0,0,,0,,,,,0,,,,,,,,,,,,,0
60,Yukon,Yukon,3/11/2020,,0,0,0,0,0,23,,,,547,0,0,0,0,0,,0,,,,,0,,,,,,,,,,,,,0
99,Repatriated travellers,Voyageurs rapatriÃ©s,3/11/2020,,1,0,0,1,29,0,,,,,1,100,,,0,0,29,,,100,1,,,,,,,,,,,,,,
1,Canada,Canada,3/11/2020,,103,0,2,103,11052,4846,,,291,128,26,33.77,0.27,0.01,1,1.94,11023,,,98.06,101,0.27,,,,,,,,,,,,,0
59,British Columbia,Colombie-Britannique,3/12/2020,,46,0,1,46,5195,4354,,,1009,846,7,17.95,0.89,0.02,0,2.17,822,809,,97.83,45,0.87,,,,,,,,,,,,,0
48,Alberta,Alberta,3/12/2020,,19,0,0,19,4109,1768,,,929,400,5,35.71,0.43,0,0,0,2140,784,,100,19,0.43,,,,,,,,,,,,,0
47,Saskatchewan,Saskatchewan,3/12/2020,,0,1,0,1,285,0,,,242,,1,0,0.08,0,0,0,81,0,,100,1,0.08,,,,,,,,,,,,,0
46,Manitoba,Manitoba,3/12/2020,,0,1,0,1,352,117,,,255,85,1,0,0.07,0,0,0,0,104,,100,1,0.07,,,,,,,,,,,,,0
35,Ontario,Ontario,3/12/2020,,59,0,1,59,4185,0,,,284,,17,40.48,0.4,0.01,0,1.69,791,0,,98.31,58,0.39,,,,,,,,,,,,,0
24,Quebec,QuÃ©bec,3/12/2020,,13,0,0,13,740,397,,,86,46,6,85.71,0.15,0,0,0,184,131,,100,13,0.15,,,,,,,,,,,,,0
10,Newfoundland and Labrador,Terre-Neuve-et-Labrador,3/12/2020,,0,0,0,0,52,27,,,100,52,0,0,0,0,0,,30,21,,,,0,,,,,,,,,,,,,0
13,New Brunswick,Nouveau-Brunswick,3/12/2020,,0,1,0,1,44,20,,,56,26,1,0,0.13,0,0,0,0,16,,100,1,0.13,,,,,,,,,,,,,0
12,Nova Scotia,Nouvelle-Ã‰cosse,3/12/2020,,0,0,0,0,182,16,,,186,16,0,0,0,0,0,,79,13,,,,0,,,,,,,,,,,,,0
11,Prince Edward Island,ÃŽle-du-Prince-Ã‰douard,3/12/2020,,0,0,0,0,6,0,,,38,,0,0,0,0,0,,0,0,,,,0,,,,,,,,,,,,,0
60,Yukon,Yukon,3/12/2020,,0,0,0,0,0,34,,,,809,0,0,0,0,0,,0,32,,,,0,,,,,,,,,,,,,0
61,Northwest Territories,Territoires du Nord-Ouest,3/12/2020,,0,0,0,0,34,5,,,753,111,0,0,0,0,0,,34,5,,,,0,,,,,,,,,,,,,0
62,Nunavut,Nunavut,3/12/2020,,0,0,0,0,1,0,,,25,,0,0,0,0,0,,1,-23,,,,0,,,,,,,,,,,,,0
99,Repatriated travellers,Voyageurs rapatriÃ©s,3/12/2020,,1,0,0,1,29,1,,,,,0,0,,,0,0,0,1,,100,1,,,,,,,,,,,,,,
1,Canada,Canada,3/12/2020,,138,3,2,141,15214,6739,,,400,177,38,36.89,0.37,0.01,0,1.42,4162,1893,,98.58,139,0.37,,,,,,,,,,,,,0
59,British Columbia,Colombie-Britannique,3/13/2020,,53,0,1,53,5195,5606,,,1009,1089,7,15.22,1.03,0.02,0,1.89,0,1252,,98.11,52,1.01,,,,,,,,,,,,,0
48,Alberta,Alberta,3/13/2020,,23,0,0,23,4109,3102,,,929,702,4,21.05,0.52,0,0,0,0,1334,,100,23,0.52,,,,,,,,,,,,,0
47,Saskatchewan,Saskatchewan,3/13/2020,,0,1,0,1,285,0,,,242,,0,0,0.08,0,0,0,0,0,,100,1,0.08,,,,,,,,,,,,,0
46,Manitoba,Manitoba,3/13/2020,,1,2,0,3,352,312,,,255,226,2,200,0.22,0,0,0,0,195,,100,3,0.22,,,,,,,,,,,,,0
35,Ontario,Ontario,3/13/2020,,79,0,1,79,4185,0,,,284,,20,33.9,0.54,0.01,0,1.27,0,0,,98.73,78,0.53,,,,,,,,,,,,,0
24,Quebec,QuÃ©bec,3/13/2020,,17,0,0,17,740,613,,,86,71,4,30.77,0.2,0,0,0,0,216,,100,17,0.2,,,,,,,,,,,,,0
10,Newfoundland and Labrador,Terre-Neuve-et-Labrador,3/13/2020,,0,0,0,0,52,78,,,100,149,0,0,0,0,0,,0,51,,,,0,,,,,,,,,,,,,0
13,New Brunswick,Nouveau-Brunswick,3/13/2020,,1,0,0,1,44,95,,,56,122,0,0,0.13,0,0,0,0,75,,100,1,0.13,,,,,,,,,,,,,0
12,Nova Scotia,Nouvelle-Ã‰cosse,3/13/2020,,0,0,0,0,182,16,,,186,16,0,0,0,0,0,,0,0,,,,0,,,,,,,,,,,,,0
11,Prince Edward Island,ÃŽle-du-Prince-Ã‰douard,3/13/2020,,0,0,0,0,6,0,,,38,,0,0,0,0,0,,0,0,,,,0,,,,,,,,,,,,,0
60,Yukon,Yukon,3/13/2020,,0,0,0,0,0,36,,,,856,0,0,0,0,0,,0,2,,,,0,,,,,,,,,,,,,0
61,Northwest Territories,Territoires du Nord-Ouest,3/13/2020,,0,0,0,0,34,24,,,753,531,0,0,0,0,0,,0,19,,,,0,,,,,,,,,,,,,0
62,Nunavut,Nunavut,3/13/2020,,0,0,0,0,1,0,,,25,,0,0,0,0,0,,0,0,,,,0,,,,,,,,,,,,,0
99,Repatriated travellers,Voyageurs rapatriÃ©s,3/13/2020,,2,0,0,2,29,7,,,,,1,100,,,0,0,0,6,,100,2,,,,,,,,,,,,,,
1,Canada,Canada,3/13/2020,,176,3,2,179,15214,9889,,,400,260,38,26.95,0.47,0.01,0,1.12,0,3150,,98.88,177,0.47,,,,,,,,,,,,,0
59,British Columbia,Colombie-Britannique,3/14/2020,,64,0,1,64,7033,6772,,,1366,1316,11,20.75,1.24,0.02,0,1.56,1838,1166,,98.44,63,1.22,,,,,,,,,,,,,0
48,Alberta,Alberta,3/14/2020,,29,0,0,29,5247,4249,,,1187,961,6,26.09,0.66,0,0,0,1138,1147,,100,29,0.66,,,,,,,,,,,,,0
47,Saskatchewan,Saskatchewan,3/14/2020,,0,2,0,2,349,0,,,296,,1,100,0.17,0,0,0,64,0,,100,2,0.17,,,,,,,,,,,,,0
46,Manitoba,Manitoba,3/14/2020,,1,3,0,4,837,612,,,607,444,1,33.33,0.29,0,0,0,485,300,,100,4,0.29,,,,,,,,,,,,,0
35,Ontario,Ontario,3/14/2020,,79,0,1,79,6646,0,,,451,,0,0,0.54,0.01,0,1.27,2461,0,,98.73,78,0.53,,,,,,,,,,,,,0
24,Quebec,QuÃ©bec,3/14/2020,,17,0,0,17,1584,950,,,185,111,0,0,0.2,0,0,0,844,337,,100,17,0.2,,,,,,,,,,,,,0
10,Newfoundland and Labrador,Terre-Neuve-et-Labrador,3/14/2020,,0,0,0,0,62,174,,,119,333,0,0,0,0,0,,10,96,,,,0,,,,,,,,,,,,,0
13,New Brunswick,Nouveau-Brunswick,3/14/2020,,1,1,0,2,82,189,,,105,242,1,100,0.26,0,0,0,38,94,,100,2,0.26,,,,,,,,,,,,,0
12,Nova Scotia,Nouvelle-Ã‰cosse,3/14/2020,,0,0,0,0,481,166,,,491,170,0,0,0,0,0,,299,150,,,,0,,,,,,,,,,,,,0
11,Prince Edward Island,ÃŽle-du-Prince-Ã‰douard,3/14/2020,,0,0,0,0,6,0,,,38,,0,0,0,0,0,,0,0,,,,0,,,,,,,,,,,,,0
60,Yukon,Yukon,3/14/2020,,0,0,0,0,0,37,,,,880,0,0,0,0,0,,0,1,,,,0,,,,,,,,,,,,,0
61,Northwest Territories,Territoires du Nord-Ouest,3/14/2020,,0,0,0,0,76,50,,,1683,1107,0,0,0,0,0,,42,26,,,,0,,,,,,,,,,,,,0
62,Nunavut,Nunavut,3/14/2020,,0,0,0,0,6,1,,,152,25,0,0,0,0,0,,5,1,,,,0,,,,,,,,,,,,,0
99,Repatriated travellers,Voyageurs rapatriÃ©s,3/14/2020,,2,0,0,2,29,9,,,,,0,0,,,0,0,0,2,,100,2,,,,,,,,,,,,,,
1,Canada,Canada,3/14/2020,,193,6,2,199,22438,13209,,,590,348,20,11.17,0.52,0.01,0,1.01,7224,3320,,98.99,197,0.52,,,,,,,,,,,,,0
59,British Columbia,Colombie-Britannique,3/15/2020,,73,0,1,73,7033,8313,,,1366,1615,9,14.06,1.42,0.02,0,1.37,0,1541,,98.63,72,1.4,,,,,,,,,,,,,0
48,Alberta,Alberta,3/15/2020,,39,0,0,39,5247,5836,,,1187,1320,10,34.48,0.88,0,0,0,0,1587,,100,39,0.88,,,,,,,,,,,,,0
47,Saskatchewan,Saskatchewan,3/15/2020,,0,2,0,2,349,0,,,296,,0,0,0.17,0,0,0,0,0,,100,2,0.17,,,,,,,,,,,,,0
46,Manitoba,Manitoba,3/15/2020,,4,0,0,4,837,1030,,,607,747,0,0,0.29,0,0,0,0,418,,100,4,0.29,,,,,,,,,,,,,0
35,Ontario,Ontario,3/15/2020,,103,0,1,103,8461,0,,,574,,24,30.38,0.7,0.01,0,0.97,1815,0,,99.03,102,0.69,,,,,,,,,,,,,0
24,Quebec,QuÃ©bec,3/15/2020,,24,0,0,24,2337,1229,,,273,143,7,41.18,0.28,0,0,0,753,279,,100,24,0.28,,,,,,,,,,,,,0
10,Newfoundland and Labrador,Terre-Neuve-et-Labrador,3/15/2020,,0,1,0,1,62,283,,,119,542,1,0,0.19,0,0,0,0,109,,100,1,0.19,,,,,,,,,,,,,0
13,New Brunswick,Nouveau-Brunswick,3/15/2020,,1,1,0,2,82,197,,,105,252,0,0,0.26,0,0,0,0,8,,100,2,0.26,,,,,,,,,,,,,0
12,Nova Scotia,Nouvelle-Ã‰cosse,3/15/2020,,0,0,0,0,481,336,,,491,343,0,0,0,0,0,,0,170,,,,0,,,,,,,,,,,,,0
11,Prince Edward Island,ÃŽle-du-Prince-Ã‰douard,3/15/2020,,1,0,0,1,6,0,,,38,,1,0,0.63,0,0,0,0,0,,100,1,0.63,,,,,,,,,,,,,0
60,Yukon,Yukon,3/15/2020,,0,0,0,0,0,49,,,,1165,0,0,0,0,0,,0,12,,,,0,,,,,,,,,,,,,0
61,Northwest Territories,Territoires du Nord-Ouest,3/15/2020,,0,0,0,0,76,65,,,1683,1439,0,0,0,0,0,,0,15,,,,0,,,,,,,,,,,,,0
62,Nunavut,Nunavut,3/15/2020,,0,0,0,0,6,1,,,152,25,0,0,0,0,0,,0,0,,,,0,,,,,,,,,,,,,0
99,Repatriated travellers,Voyageurs rapatriÃ©s,3/15/2020,,4,0,0,4,29,18,,,,,2,100,,,0,0,0,9,,100,4,,,,,,,,,,,,,,
1,Canada,Canada,3/15/2020,,249,4,2,253,25006,17357,,,658,457,54,27.14,0.67,0.01,0,0.79,2568,4148,,99.21,251,0.66,,,,,,,,,,,,,0
59,British Columbia,Colombie-Britannique,3/16/2020,,73,0,4,73,9926,9863,,,1928,1916,0,0,1.42,0.08,3,5.48,2893,1550,,94.52,69,1.34,,,,,,,,,,,,,0
48,Alberta,Alberta,3/16/2020,,56,0,0,56,10238,7391,,,2315,1671,17,43.59,1.27,0,0,0,4991,1555,,100,56,1.27,,,,,,,,,,,,,0
47,Saskatchewan,Saskatchewan,3/16/2020,,1,5,0,6,881,0,,,747,,4,200,0.51,0,0,0,532,0,,100,6,0.51,,,,,,,,,,,,,0
46,Manitoba,Manitoba,3/16/2020,,4,3,0,7,1848,1376,,,1340,998,3,75,0.51,0,0,0,1011,346,,100,7,0.51,,,,,,,,,,,,,0
35,Ontario,Ontario,3/16/2020,,145,0,1,145,10178,0,,,691,,42,40.78,0.98,0.01,0,0.69,1717,0,,99.31,144,0.98,,,,,,,,,,,,,0
24,Quebec,QuÃ©bec,3/16/2020,,39,0,0,39,3129,1901,,,365,222,15,62.5,0.45,0,0,0,792,672,,100,39,0.45,,,,,,,,,,,,,0
10,Newfoundland and Labrador,Terre-Neuve-et-Labrador,3/16/2020,,0,1,0,1,161,384,,,308,735,0,0,0.19,0,0,0,99,101,,100,1,0.19,,,,,,,,,,,,,0
13,New Brunswick,Nouveau-Brunswick,3/16/2020,,1,5,0,6,143,225,,,183,288,4,200,0.77,0,0,0,61,28,,100,6,0.77,,,,,,,,,,,,,0
12,Nova Scotia,Nouvelle-Ã‰cosse,3/16/2020,,0,3,0,3,1075,543,,,1098,554,3,0,0.31,0,0,0,594,207,,100,3,0.31,,,,,,,,,,,,,0
11,Prince Edward Island,ÃŽle-du-Prince-Ã‰douard,3/16/2020,,1,0,0,1,6,42,,,38,263,0,0,0.63,0,0,0,0,42,,100,1,0.63,,,,,,,,,,,,,0
60,Yukon,Yukon,3/16/2020,,0,0,0,0,0,49,,,,1165,0,0,0,0,0,,0,0,,,,0,,,,,,,,,,,,,0
61,Northwest Territories,Territoires du Nord-Ouest,3/16/2020,,0,0,0,0,138,80,,,3056,1771,0,0,0,0,0,,62,15,,,,0,,,,,,,,,,,,,0
62,Nunavut,Nunavut,3/16/2020,,0,0,0,0,7,2,,,178,51,0,0,0,0,0,,1,1,,,,0,,,,,,,,,,,,,0
99,Repatriated travellers,Voyageurs rapatriÃ©s,3/16/2020,,4,0,0,4,29,20,,,,,0,0,,,0,0,0,2,,100,4,,,,,,,,,,,,,,
1,Canada,Canada,3/16/2020,,324,17,5,341,37759,21876,,,994,576,88,34.78,0.9,0.01,3,1.47,12753,4519,,98.53,336,0.88,,,,,,,,,,,,,0
59,British Columbia,Colombie-Britannique,3/17/2020,,103,0,7,103,11612,11673,,,2256,2268,30,41.1,2,0.14,3,6.8,1686,1810,,93.2,96,1.86,,,,,,,,,,,,,0
48,Alberta,Alberta,3/17/2020,,74,0,0,74,11487,9225,,,2598,2086,18,32.14,1.67,0,0,0,1249,1834,,100,74,1.67,,,,,,,,,,,,,0
47,Saskatchewan,Saskatchewan,3/17/2020,,2,5,0,7,1066,0,,,904,,1,16.67,0.59,0,0,0,185,0,,100,7,0.59,,,,,,,,,,,,,0
46,Manitoba,Manitoba,3/17/2020,,7,0,0,7,2216,1643,,,1607,1191,0,0,0.51,0,0,0,368,267,,100,7,0.51,,,,,,,,,,,,,0
35,Ontario,Ontario,3/17/2020,,177,0,1,177,11167,0,,,758,,32,22.07,1.2,0.01,0,0.56,989,0,,99.44,176,1.19,,,,,,,,,,,,,0
24,Quebec,QuÃ©bec,3/17/2020,,50,0,0,50,4870,2676,,,568,312,11,28.21,0.58,0,0,0,1741,775,,100,50,0.58,,,,,,,,,,,,,0
10,Newfoundland and Labrador,Terre-Neuve-et-Labrador,3/17/2020,,0,1,0,1,161,433,,,308,829,0,0,0.19,0,0,0,0,49,,100,1,0.19,,,,,,,,,,,,,0
13,New Brunswick,Nouveau-Brunswick,3/17/2020,,2,5,0,7,295,350,,,377,448,1,16.67,0.9,0,0,0,152,125,,100,7,0.9,,,,,,,,,,,,,0
12,Nova Scotia,Nouvelle-Ã‰cosse,3/17/2020,,0,5,0,5,1075,648,,,1098,662,2,66.67,0.51,0,0,0,0,105,,100,5,0.51,,,,,,,,,,,,,0
11,Prince Edward Island,ÃŽle-du-Prince-Ã‰douard,3/17/2020,,1,0,0,1,75,42,,,470,263,0,0,0.63,0,0,0,69,0,,100,1,0.63,,,,,,,,,,,,,0
60,Yukon,Yukon,3/17/2020,,0,0,0,0,0,75,,,,1784,0,0,0,0,0,,0,26,,,,0,,,,,,,,,,,,,0
61,Northwest Territories,Territoires du Nord-Ouest,3/17/2020,,0,0,0,0,145,114,,,3211,2524,0,0,0,0,0,,7,34,,,,0,,,,,,,,,,,,,0
62,Nunavut,Nunavut,3/17/2020,,0,0,0,0,7,2,,,178,51,0,0,0,0,0,,0,0,,,,0,,,,,,,,,,,,,0
99,Repatriated travellers,Voyageurs rapatriÃ©s,3/17/2020,,8,0,0,8,29,26,,,,,4,100,,,0,0,0,6,,100,8,,,,,,,,,,,,,,
1,Canada,Canada,3/17/2020,,424,16,8,440,44205,26907,,,1163,708,99,29.03,1.16,0.02,3,1.82,6446,5031,,98.18,432,1.14,,,,,,,,,,,,,0
59,British Columbia,Colombie-Britannique,3/18/2020,,186,0,7,186,13388,15190,,,2601,2951,83,80.58,3.61,0.14,0,3.76,1776,3517,,96.24,179,3.48,,,,,,,,,,,,,0
48,Alberta,Alberta,3/18/2020,,97,0,0,97,13686,10710,,,3095,2422,23,31.08,2.19,0,0,0,2199,1485,,100,97,2.19,,,,,,,,,,,,,0
47,Saskatchewan,Saskatchewan,3/18/2020,,2,6,0,8,1910,191,,,1620,162,1,14.29,0.68,0,0,0,844,191,,100,8,0.68,,,,,,,,,,,,,0
46,Manitoba,Manitoba,3/18/2020,,8,7,0,15,2739,2055,,,1986,1490,8,114.29,1.09,0,0,0,523,412,,100,15,1.09,,,,,,,,,,,,,0
35,Ontario,Ontario,3/18/2020,,189,0,1,189,13869,0,,,941,,12,6.78,1.28,0.01,0,0.53,2702,0,,99.47,188,1.28,,,,,,,,,,,,,0
24,Quebec,QuÃ©bec,3/18/2020,,74,0,1,74,5880,3780,,,686,441,24,48,0.86,0.01,1,1.35,1010,1104,,98.65,73,0.85,,,,,,,,,,,,,0
10,Newfoundland and Labrador,Terre-Neuve-et-Labrador,3/18/2020,,0,3,0,3,161,577,,,308,1105,2,200,0.57,0,0,0,0,144,,100,3,0.57,,,,,,,,,,,,,0
13,New Brunswick,Nouveau-Brunswick,3/18/2020,,2,6,0,8,408,437,,,522,559,1,14.29,1.02,0,0,0,113,87,,100,8,1.02,,,,,,,,,,,,,0
12,Nova Scotia,Nouvelle-Ã‰cosse,3/18/2020,,1,6,0,7,1278,981,,,1305,1002,2,40,0.71,0,0,0,203,333,,100,7,0.71,,,,,,,,,,,,,0
11,Prince Edward Island,ÃŽle-du-Prince-Ã‰douard,3/18/2020,,1,0,0,1,75,42,,,470,263,0,0,0.63,0,0,0,0,0,,100,1,0.63,,,,,,,,,,,,,0
60,Yukon,Yukon,3/18/2020,,0,0,0,0,0,75,,,,1784,0,0,0,0,0,,0,0,,,,0,,,,,,,,,,,,,0
61,Northwest Territories,Territoires du Nord-Ouest,3/18/2020,,0,0,0,0,145,121,,,3211,2679,0,0,0,0,0,,0,7,,,,0,,,,,,,,,,,,,0
62,Nunavut,Nunavut,3/18/2020,,0,0,0,0,7,2,,,178,51,0,0,0,0,0,,0,0,,,,0,,,,,,,,,,,,,0
99,Repatriated travellers,Voyageurs rapatriÃ©s,3/18/2020,,9,0,0,9,29,32,,,,,1,12.5,,,0,0,0,6,,100,9,,,,,,,,,,,,,,
1,Canada,Canada,3/18/2020,,569,28,9,597,53575,34193,,,1410,900,157,35.68,1.57,0.02,1,1.51,9370,7286,,98.49,588,1.55,,,,,,,,,,,,,0
59,British Columbia,Colombie-Britannique,3/19/2020,,271,0,8,271,16382,18246,,,3182,3544,85,45.7,5.26,0.16,1,2.95,2994,3056,,97.05,263,5.11,,,,,,,,,,,,,0
48,Alberta,Alberta,3/19/2020,,146,0,1,146,16507,12793,,,3733,2893,49,50.52,3.3,0.02,1,0.68,2821,2083,,99.32,145,3.28,,,,,,,,,,,,,0
47,Saskatchewan,Saskatchewan,3/19/2020,,8,12,0,20,1910,1062,,,1620,901,12,150,1.7,0,0,0,0,871,,100,20,1.7,,,,,,,,,,,,,0
46,Manitoba,Manitoba,3/19/2020,,17,0,0,17,3189,2598,,,2312,1884,2,13.33,1.23,0,0,0,450,543,,100,17,1.23,,,,,,,,,,,,,0
35,Ontario,Ontario,3/19/2020,,258,0,2,258,18488,0,,,1255,,69,36.51,1.75,0.01,1,0.78,4619,0,,99.22,256,1.74,,,,,,,,,,,,,0
24,Quebec,QuÃ©bec,3/19/2020,,121,0,1,121,6757,5274,,,788,615,47,63.51,1.41,0.01,0,0.83,877,1494,,99.17,120,1.4,,,,,,,,,,,,,0
10,Newfoundland and Labrador,Terre-Neuve-et-Labrador,3/19/2020,,1,2,0,3,267,806,,,511,1544,0,0,0.57,0,0,0,106,229,,100,3,0.57,,,,,,,,,,,,,0
13,New Brunswick,Nouveau-Brunswick,3/19/2020,,7,4,0,11,527,543,,,674,695,3,37.5,1.41,0,0,0,119,106,,100,11,1.41,,,,,,,,,,,,,0
12,Nova Scotia,Nouvelle-Ã‰cosse,3/19/2020,,5,9,0,14,1520,1197,,,1552,1222,7,100,1.43,0,0,0,242,216,,100,14,1.43,,,,,,,,,,,,,0
11,Prince Edward Island,ÃŽle-du-Prince-Ã‰douard,3/19/2020,,2,0,0,2,75,42,,,470,263,1,100,1.25,0,0,0,0,0,,100,2,1.25,,,,,,,,,,,,,0
60,Yukon,Yukon,3/19/2020,,0,0,0,0,0,80,,,,1902,0,0,0,0,0,,0,5,,,,0,,,,,,,,,,,,,0
61,Northwest Territories,Territoires du Nord-Ouest,3/19/2020,,0,0,0,0,221,123,,,4894,2724,0,0,0,0,0,,76,2,,,,0,,,,,,,,,,,,,0
62,Nunavut,Nunavut,3/19/2020,,0,0,0,0,8,4,,,203,102,0,0,0,0,0,,1,2,,,,0,,,,,,,,,,,,,0
99,Repatriated travellers,Voyageurs rapatriÃ©s,3/19/2020,,10,0,0,10,29,33,,,,,1,11.11,,,0,0,0,1,,100,10,,,,,,,,,,,,,,
1,Canada,Canada,3/19/2020,,846,27,12,873,65880,42801,,,1733,1126,276,46.23,2.3,0.03,3,1.37,12305,8608,,98.63,861,2.27,,,,,,,,,,,,,0
59,British Columbia,Colombie-Britannique,3/20/2020,,271,0,9,271,18792,19392,,,3651,3767,0,0,5.26,0.17,1,3.32,2410,1146,,96.68,262,5.09,,,,,,,,,,,,,0
48,Alberta,Alberta,3/20/2020,,195,0,1,195,19782,15671,,,4474,3544,49,33.56,4.41,0.02,0,0.51,3275,2878,,99.49,194,4.39,,,,,,,,,,,,,0
47,Saskatchewan,Saskatchewan,3/20/2020,,8,18,0,26,1910,1645,,,1620,1396,6,30,2.21,0,0,0,0,583,,100,26,2.21,,,,,,,,,,,,,0
46,Manitoba,Manitoba,3/20/2020,,17,0,0,17,3367,3049,,,2441,2211,0,0,1.23,0,0,0,178,451,,100,17,1.23,,,,,,,,,,,,,0
35,Ontario,Ontario,3/20/2020,,311,0,2,311,21499,0,,,1459,,53,20.54,2.11,0.01,0,0.64,3011,0,,99.36,309,2.1,,,,,,,,,,,,,0
24,Quebec,QuÃ©bec,3/20/2020,,139,0,1,139,8539,6745,,,996,787,18,14.88,1.62,0.01,0,0.72,1782,1471,,99.28,138,1.61,,,,,,,,,,,,,0
10,Newfoundland and Labrador,Terre-Neuve-et-Labrador,3/20/2020,,3,1,0,4,287,1088,,,550,2084,1,33.33,0.77,0,0,0,20,282,,100,4,0.77,,,,,,,,,,,,,0
13,New Brunswick,Nouveau-Brunswick,3/20/2020,,7,4,0,11,640,666,,,819,852,0,0,1.41,0,0,0,113,123,,100,11,1.41,,,,,,,,,,,,,0
12,Nova Scotia,Nouvelle-Ã‰cosse,3/20/2020,,5,10,0,15,1647,1374,,,1682,1403,1,7.14,1.53,0,0,0,127,177,,100,15,1.53,,,,,,,,,,,,,0
11,Prince Edward Island,ÃŽle-du-Prince-Ã‰douard,3/20/2020,,2,0,0,2,75,42,,,470,263,0,0,1.25,0,0,0,0,0,,100,2,1.25,,,,,,,,,,,,,0
60,Yukon,Yukon,3/20/2020,,0,0,0,0,0,157,,,,3733,0,0,0,0,0,,0,77,,,,0,,,,,,,,,,,,,0
61,Northwest Territories,Territoires du Nord-Ouest,3/20/2020,,0,0,0,0,268,191,,,5934,4229,0,0,0,0,0,,47,68,,,,0,,,,,,,,,,,,,0
62,Nunavut,Nunavut,3/20/2020,,0,0,0,0,8,14,,,203,356,0,0,0,0,0,,0,10,,,,0,,,,,,,,,,,,,0
99,Repatriated travellers,Voyageurs rapatriÃ©s,3/20/2020,,13,0,0,13,29,34,,,,,3,30,,,0,0,0,1,,100,13,,,,,,,,,,,,,,
1,Canada,Canada,3/20/2020,,971,33,13,1004,76843,50068,,,2022,1317,131,15.01,2.64,0.03,1,1.29,10963,7267,,98.71,991,2.61,,,,,,,,,,,,,0
59,British Columbia,Colombie-Britannique,3/21/2020,,424,0,10,424,20417,20229,,,3966,3930,153,56.46,8.24,0.19,1,2.36,1625,837,,97.64,414,8.04,,,,,,,,,,,,,0
48,Alberta,Alberta,3/21/2020,,226,0,1,226,23060,18540,,,5215,4193,31,15.9,5.11,0.02,0,0.44,3278,2869,,99.56,225,5.09,,,,,,,,,,,,,0
47,Saskatchewan,Saskatchewan,3/21/2020,,25,19,0,44,3807,2177,,,3230,1847,18,69.23,3.73,0,0,0,1897,532,,100,44,3.73,,,,,,,,,,,,,0
46,Manitoba,Manitoba,3/21/2020,,11,8,0,19,3668,3312,,,2659,2401,2,11.76,1.38,0,0,0,301,263,,100,19,1.38,,,,,,,,,,,,,0
35,Ontario,Ontario,3/21/2020,,377,0,3,377,25470,0,,,1729,,66,21.22,2.56,0.02,1,0.8,3971,0,,99.2,374,2.54,,,,,,,,,,,,,0
24,Quebec,QuÃ©bec,3/21/2020,,202,19,4,221,8539,9851,,,996,1149,82,58.99,2.58,0.05,3,1.81,0,3106,,98.19,217,2.53,,,,,,,,,,,,,0
10,Newfoundland and Labrador,Terre-Neuve-et-Labrador,3/21/2020,,3,3,0,6,299,1301,,,573,2492,2,50,1.15,0,0,0,12,213,,100,6,1.15,,,,,,,,,,,,,0
13,New Brunswick,Nouveau-Brunswick,3/21/2020,,9,8,0,17,865,687,,,1107,879,6,54.55,2.18,0,0,0,225,21,,100,17,2.18,,,,,,,,,,,,,0
12,Nova Scotia,Nouvelle-Ã‰cosse,3/21/2020,,9,12,0,21,1956,1611,,,1997,1645,6,40,2.14,0,0,0,309,237,,100,21,2.14,,,,,,,,,,,,,0
11,Prince Edward Island,ÃŽle-du-Prince-Ã‰douard,3/21/2020,,2,0,0,2,75,42,,,470,263,0,0,1.25,0,0,0,0,0,,100,2,1.25,,,,,,,,,,,,,0
60,Yukon,Yukon,3/21/2020,,0,0,0,0,416,182,,,9893,4328,0,0,0,0,0,,416,25,,,,0,,,,,,,,,,,,,0
61,Northwest Territories,Territoires du Nord-Ouest,3/21/2020,,1,0,0,1,301,210,,,6665,4650,1,0,2.21,0,0,0,33,19,,100,1,2.21,,,,,,,,,,,,,0
62,Nunavut,Nunavut,3/21/2020,,0,0,0,0,10,17,,,254,432,0,0,0,0,0,,2,3,,,,0,,,,,,,,,,,,,0
99,Repatriated travellers,Voyageurs rapatriÃ©s,3/21/2020,,13,0,0,13,29,36,,,,,0,0,,,0,0,0,2,,100,13,,,,,,,,,,,,,,
1,Canada,Canada,3/21/2020,,1302,69,18,1371,88912,58195,,,2339,1531,367,36.55,3.61,0.05,5,1.31,12069,8127,,98.69,1353,3.56,,,,,,,,,,,,,0
59,British Columbia,Colombie-Britannique,3/22/2020,,424,0,10,424,22135,21740,,,4300,4223,0,0,8.24,0.19,0,2.36,1718,1511,,97.64,414,8.04,,,,,,,,,,,,,0
48,Alberta,Alberta,3/22/2020,,259,0,1,259,26999,22133,,,6106,5005,33,14.6,5.86,0.02,0,0.39,3939,3593,,99.61,258,5.83,,,,,,,,,,,,,0
47,Saskatchewan,Saskatchewan,3/22/2020,,33,19,0,52,4407,3001,,,3739,2546,8,18.18,4.41,0,0,0,600,824,,100,52,4.41,,,,,,,,,,,,,0
46,Manitoba,Manitoba,3/22/2020,,11,8,0,19,3936,3490,,,2854,2530,0,0,1.38,0,0,0,268,178,,100,19,1.38,,,,,,,,,,,,,0
35,Ontario,Ontario,3/22/2020,,425,0,5,425,28570,0,,,1939,,48,12.73,2.88,0.03,2,1.18,3100,0,,98.82,420,2.85,,,,,,,,,,,,,0
24,Quebec,QuÃ©bec,3/22/2020,,221,0,4,221,8539,13442,,,996,1568,0,0,2.58,0.05,0,1.81,0,3591,,98.19,217,2.53,,,,,,,,,,,,,0
10,Newfoundland and Labrador,Terre-Neuve-et-Labrador,3/22/2020,,3,6,0,9,299,1547,,,573,2963,3,50,1.72,0,0,0,0,246,,100,9,1.72,,,,,,,,,,,,,0
13,New Brunswick,Nouveau-Brunswick,3/22/2020,,9,8,0,17,924,917,,,1182,1173,0,0,2.18,0,0,0,59,230,,100,17,2.18,,,,,,,,,,,,,0
12,Nova Scotia,Nouvelle-Ã‰cosse,3/22/2020,,28,0,0,28,2210,1922,,,2257,1963,7,33.33,2.86,0,0,0,254,311,,100,28,2.86,,,,,,,,,,,,,0
11,Prince Edward Island,ÃŽle-du-Prince-Ã‰douard,3/22/2020,,3,0,0,3,75,42,,,470,263,1,50,1.88,0,0,0,0,0,,100,3,1.88,,,,,,,,,,,,,0
60,Yukon,Yukon,3/22/2020,,0,0,0,0,416,182,,,9893,4328,0,0,0,0,0,,0,0,,,,0,,,,,,,,,,,,,0
61,Northwest Territories,Territoires du Nord-Ouest,3/22/2020,,1,0,0,1,301,255,,,6665,5646,0,0,2.21,0,0,0,0,45,,100,1,2.21,,,,,,,,,,,,,0
62,Nunavut,Nunavut,3/22/2020,,0,0,0,0,13,17,,,330,432,0,0,0,0,0,,3,0,,,,0,,,,,,,,,,,,,0
99,Repatriated travellers,Voyageurs rapatriÃ©s,3/22/2020,,13,0,0,13,29,42,,,,,0,0,,,0,0,0,6,,100,13,,,,,,,,,,,,,,
1,Canada,Canada,3/22/2020,,1430,41,20,1471,98853,68730,,,2601,1808,100,7.29,3.87,0.05,2,1.36,9941,10535,,98.64,1451,3.82,,,,,,,,,,,,,0
59,British Columbia,Colombie-Britannique,3/23/2020,,472,0,13,472,23460,23715,,,4557,4607,48,11.32,9.17,0.25,3,2.75,1325,1975,,97.25,459,8.92,,,,,,,,,,,,,0
48,Alberta,Alberta,3/23/2020,,301,0,1,301,29757,25640,,,6729,5798,42,16.22,6.81,0.02,0,0.33,2758,3507,,99.67,300,6.78,,,,,,,,,,,,,0
47,Saskatchewan,Saskatchewan,3/23/2020,,65,1,0,66,5130,3620,,,4352,3071,14,26.92,5.6,0,0,0,723,619,,100,66,5.6,,,,,,,,,,,,,0
46,Manitoba,Manitoba,3/23/2020,,11,9,0,20,4133,3759,,,2997,2725,1,5.26,1.45,0,0,0,197,269,,100,20,1.45,,,,,,,,,,,,,0
35,Ontario,Ontario,3/23/2020,,503,0,6,503,30688,0,,,2083,,78,18.35,3.41,0.04,1,1.19,2118,0,,98.81,497,3.37,,,,,,,,,,,,,0
24,Quebec,QuÃ©bec,3/23/2020,,221,407,4,628,8539,17592,,,996,2052,407,184.16,7.32,0.05,0,0.64,0,4150,,99.36,624,7.28,,,,,,,,,,,,,0
10,Newfoundland and Labrador,Terre-Neuve-et-Labrador,3/23/2020,,4,20,0,24,894,1691,,,1712,3239,15,166.67,4.6,0,0,0,595,144,,100,24,4.6,,,,,,,,,,,,,0
13,New Brunswick,Nouveau-Brunswick,3/23/2020,,9,8,0,17,1139,1103,,,1457,1411,0,0,2.18,0,0,0,215,186,,100,17,2.18,,,,,,,,,,,,,0
12,Nova Scotia,Nouvelle-Ã‰cosse,3/23/2020,,41,0,0,41,2408,2129,,,2459,2174,13,46.43,4.19,0,0,0,198,207,,100,41,4.19,,,,,,,,,,,,,0
11,Prince Edward Island,ÃŽle-du-Prince-Ã‰douard,3/23/2020,,3,0,0,3,206,42,,,1291,263,0,0,1.88,0,0,0,131,0,,100,3,1.88,,,,,,,,,,,,,0
60,Yukon,Yukon,3/23/2020,,2,0,0,2,416,187,,,9893,4447,2,0,4.76,0,0,0,0,5,,100,2,4.76,,,,,,,,,,,,,0
61,Northwest Territories,Territoires du Nord-Ouest,3/23/2020,,1,0,0,1,364,326,,,8060,7219,0,0,2.21,0,0,0,63,71,,100,1,2.21,,,,,,,,,,,,,0
62,Nunavut,Nunavut,3/23/2020,,0,0,0,0,13,30,,,330,762,0,0,0,0,0,,0,13,,,,0,,,,,,,,,,,,,0
99,Repatriated travellers,Voyageurs rapatriÃ©s,3/23/2020,,13,0,0,13,76,43,,,,,0,0,,,0,0,47,1,,100,13,,,,,,,,,,,,,,
1,Canada,Canada,3/23/2020,,1646,445,24,2091,107223,79877,,,2821,2102,620,42.15,5.5,0.06,4,1.15,8370,11147,,98.85,2067,5.44,,,,,,,,,,,,,0
59,British Columbia,Colombie-Britannique,3/24/2020,,617,0,13,617,26305,25859,,,5110,5023,145,30.72,11.99,0.25,0,2.11,2845,2144,,97.89,604,11.73,585,11.36,12,0.23,514,9.99,6,0.12,73,1.43,1,0.02,0
48,Alberta,Alberta,3/24/2020,,358,0,2,358,32776,28494,,,7412,6444,57,18.94,8.1,0.05,1,0.56,3019,2854,,99.44,356,8.05,351,7.94,2,0.05,284,6.42,2,0.05,41,0.92,0,0.01,0
47,Saskatchewan,Saskatchewan,3/24/2020,,72,0,0,72,5604,4353,,,4754,3693,6,9.09,6.11,0,0,0,474,733,,100,72,6.11,72,6.11,0,0,65,5.51,0,0,9,0.79,0,0,0
46,Manitoba,Manitoba,3/24/2020,,11,10,0,21,4406,4023,,,3194,2917,1,5,1.52,0,0,0,273,264,,100,21,1.52,21,1.52,0,0,14,1.02,0,0,2,0.15,0,0,0
35,Ontario,Ontario,3/24/2020,,588,0,8,588,34727,0,,,2357,,85,16.9,3.99,0.05,2,1.36,4039,0,,98.64,580,3.94,554,3.76,8,0.05,411,2.79,7,0.05,59,0.4,1,0.01,0
24,Quebec,QuÃ©bec,3/24/2020,,221,792,4,1013,15071,21475,,,1758,2504,385,61.31,11.81,0.05,0,0.39,6532,3883,,99.61,1009,11.77,1009,11.77,4,0.05,963,11.23,4,0.05,138,1.6,1,0.01,0
10,Newfoundland and Labrador,Terre-Neuve-et-Labrador,3/24/2020,,4,31,0,35,1087,1880,,,2082,3601,11,45.83,6.7,0,0,0,193,189,,100,35,6.7,35,6.7,0,0,34,6.51,0,0,5,0.93,0,0,0
13,New Brunswick,Nouveau-Brunswick,3/24/2020,,18,0,0,18,1261,1318,,,1614,1687,1,5.88,2.3,0,0,0,122,215,,100,18,2.3,18,2.3,0,0,11,1.41,0,0,2,0.2,0,0,0
12,Nova Scotia,Nouvelle-Ã‰cosse,3/24/2020,,51,0,0,51,2641,2395,,,2697,2445,10,24.39,5.21,0,0,0,233,266,,100,51,5.21,51,5.21,0,0,46,4.7,0,0,7,0.67,0,0,0
11,Prince Edward Island,ÃŽle-du-Prince-Ã‰douard,3/24/2020,,3,0,0,3,206,42,,,1291,263,0,0,1.88,0,0,0,0,0,,100,3,1.88,3,1.88,0,0,2,1.25,0,0,0,0.18,0,0,0
60,Yukon,Yukon,3/24/2020,,2,0,0,2,416,187,,,9893,4447,0,0,4.76,0,0,0,0,0,,100,2,4.76,2,4.76,0,0,2,4.76,0,0,0,0.68,0,0,0
61,Northwest Territories,Territoires du Nord-Ouest,3/24/2020,,1,0,0,1,481,365,,,10651,8082,0,0,2.21,0,0,0,117,39,,100,1,2.21,1,2.21,0,0,1,2.21,0,0,0,0.32,0,0,0
62,Nunavut,Nunavut,3/24/2020,,0,0,0,0,81,30,,,2058,762,0,0,0,0,0,,68,0,,,,0,0,0,0,0,0,0,0,0,0,0,0,0,0
99,Repatriated travellers,Voyageurs rapatriÃ©s,3/24/2020,,13,0,0,13,76,47,,,,,0,0,,,0,0,0,4,,100,13,,13,,0,,5,,0,,1,,0,,
1,Canada,Canada,3/24/2020,,1959,833,27,2792,125138,90468,,,3293,2380,701,33.52,7.35,0.07,3,0.97,17915,10591,,99.03,2765,7.28,2715,7.14,26,0.07,2352,6.19,19,0.05,336,0.88,3,0.01,0
59,British Columbia,Colombie-Britannique,3/25/2020,,659,0,14,659,28344,27830,,,5506,5406,42,6.81,12.8,0.27,1,2.12,2039,1971,,97.88,645,12.53,620,12.04,13,0.25,473,9.19,7,0.14,68,1.31,1,0.02,0
48,Alberta,Alberta,3/25/2020,,419,0,2,419,35508,31222,,,8030,7061,61,17.04,9.48,0.05,0,0.48,2732,2728,,99.52,417,9.43,405,9.16,2,0.05,322,7.28,2,0.05,46,1.04,0,0.01,0
47,Saskatchewan,Saskatchewan,3/25/2020,,86,0,0,86,6111,4841,,,5185,4107,14,19.44,7.3,0,0,0,507,488,,100,86,7.3,86,7.3,0,0,78,6.62,0,0,11,0.95,0,0,0
46,Manitoba,Manitoba,3/25/2020,,11,24,0,35,4740,4301,,,3437,3118,14,66.67,2.54,0,0,0,334,278,,100,35,2.54,35,2.54,0,0,20,1.45,0,0,3,0.21,0,0,0
35,Ontario,Ontario,3/25/2020,,688,0,13,688,38040,0,,,2582,,100,17.01,4.67,0.09,5,1.89,3313,0,,98.11,675,4.58,646,4.38,12,0.08,499,3.39,12,0.08,71,0.48,2,0.01,0
24,Quebec,QuÃ©bec,3/25/2020,,1339,0,6,1339,27828,26278,,,3245,3065,326,32.18,15.62,0.07,2,0.45,12757,4803,,99.55,1333,15.55,1332,15.53,6,0.07,1265,14.75,5,0.06,181,2.11,1,0.01,0
10,Newfoundland and Labrador,Terre-Neuve-et-Labrador,3/25/2020,,67,0,0,67,1235,2095,,,2365,4013,32,91.43,12.83,0,0,0,148,215,,100,67,12.83,67,12.83,0,0,64,12.26,0,0,9,1.75,0,0,0
13,New Brunswick,Nouveau-Brunswick,3/25/2020,,26,0,0,26,1680,1595,,,2150,2041,8,44.44,3.33,0,0,0,419,277,,100,26,3.33,26,3.33,0,0,18,2.3,0,0,3,0.33,0,0,0
12,Nova Scotia,Nouvelle-Ã‰cosse,3/25/2020,,68,0,0,68,3008,2617,,,3071,2672,17,33.33,6.94,0,0,0,367,222,,100,68,6.94,68,6.94,0,0,61,6.23,0,0,9,0.89,0,0,0
11,Prince Edward Island,ÃŽle-du-Prince-Ã‰douard,3/25/2020,,5,0,0,5,301,42,,,1886,263,2,66.67,3.13,0,0,0,95,0,,100,5,3.13,5,3.13,0,0,4,2.51,0,0,1,0.36,0,0,0
60,Yukon,Yukon,3/25/2020,,3,0,0,3,416,187,,,9893,4447,1,50,7.13,0,0,0,0,0,,100,3,7.13,3,7.13,0,0,3,7.13,0,0,0,1.02,0,0,0
61,Northwest Territories,Territoires du Nord-Ouest,3/25/2020,,1,0,0,1,481,450,,,10651,9964,0,0,2.21,0,0,0,0,85,,100,1,2.21,1,2.21,0,0,1,2.21,0,0,0,0.32,0,0,0
62,Nunavut,Nunavut,3/25/2020,,0,0,0,0,97,32,,,2465,813,0,0,0,0,0,,16,2,,,,0,0,0,0,0,0,0,0,0,0,0,0,0,0
99,Repatriated travellers,Voyageurs rapatriÃ©s,3/25/2020,,13,0,0,13,76,48,,,,,0,0,,,0,0,0,1,,100,13,,12,,0,,4,,0,,1,,0,,
1,Canada,Canada,3/25/2020,,3385,24,35,3409,147865,101538,,,3891,2672,617,22.1,8.97,0.09,8,1.03,22727,11070,,98.97,3374,8.88,3306,8.7,33,0.09,2812,7.4,26,0.07,402,1.06,4,0.01,0
59,British Columbia,Colombie-Britannique,3/26/2020,,725,0,14,725,30238,29719,186,25.66,5874,5773,66,10.02,14.08,0.27,0,1.93,1894,1889,186,72.41,525,10.2,679,13.19,13,0.25,454,8.82,6,0.12,65,1.26,1,0.02,3.61
48,Alberta,Alberta,3/26/2020,,486,0,2,486,36600,34365,27,5.56,8277,7772,67,15.99,10.99,0.05,0,0.41,1092,3143,27,94.03,457,10.33,467,10.56,2,0.05,340,7.69,1,0.02,49,1.1,0,0,0.61
47,Saskatchewan,Saskatchewan,3/26/2020,,95,0,0,95,6729,5354,3,3.16,5709,4542,9,10.47,8.06,0,0,0,618,513,3,96.84,92,7.81,94,7.98,0,0,75,6.36,0,0,11,0.91,0,0,0.25
46,Manitoba,Manitoba,3/26/2020,,11,25,0,36,5429,4653,1,2.78,3936,3374,1,2.86,2.61,0,0,0,689,352,1,97.22,35,2.54,35,2.54,0,0,19,1.38,0,0,3,0.2,0,0,0.07
35,Ontario,Ontario,3/26/2020,,858,0,15,858,41217,0,8,0.93,2797,,170,24.71,5.82,0.1,2,1.75,3177,0,8,97.32,835,5.67,799,5.42,14,0.1,600,4.07,13,0.09,86,0.58,2,0.01,0.05
24,Quebec,QuÃ©bec,3/26/2020,,1629,0,8,1629,33311,30096,2,0.12,3885,3510,290,21.66,19,0.09,2,0.49,5483,3818,2,99.39,1619,18.88,1616,18.85,8,0.09,1508,17.59,7,0.08,215,2.51,1,0.01,0.02
10,Newfoundland and Labrador,Terre-Neuve-et-Labrador,3/26/2020,,82,0,0,82,1447,2273,,,2771,4354,15,22.39,15.71,0,0,0,212,178,,100,82,15.71,82,15.71,0,0,79,15.13,0,0,11,2.16,0,0,0
13,New Brunswick,Nouveau-Brunswick,3/26/2020,,33,0,0,33,1849,1911,,,2366,2445,7,26.92,4.22,0,0,0,169,316,,100,33,4.22,32,4.09,0,0,22,2.82,0,0,3,0.4,0,0,0
12,Nova Scotia,Nouvelle-Ã‰cosse,3/26/2020,,73,0,0,73,3417,2931,2,2.74,3489,2993,5,7.35,7.45,0,0,0,409,314,2,97.26,71,7.25,73,7.45,0,0,59,6.02,0,0,8,0.86,0,0,0.2
11,Prince Edward Island,ÃŽle-du-Prince-Ã‰douard,3/26/2020,,9,0,0,9,353,242,1,11.11,2211,1516,4,80,5.64,0,0,0,52,200,1,88.89,8,5.01,9,5.64,0,0,7,4.39,0,0,1,0.63,0,0,0.63
60,Yukon,Yukon,3/26/2020,,3,0,0,3,416,327,,,9893,7776,0,0,7.13,0,0,0,0,140,,100,3,7.13,3,7.13,0,0,3,7.13,0,0,0,1.02,0,0,0
61,Northwest Territories,Territoires du Nord-Ouest,3/26/2020,,1,0,0,1,481,477,,,10651,10562,0,0,2.21,0,0,0,0,27,,100,1,2.21,1,2.21,0,0,1,2.21,0,0,0,0.32,0,0,0
62,Nunavut,Nunavut,3/26/2020,,0,0,0,0,116,53,,,2948,1347,0,0,0,0,0,,19,21,,,,0,0,0,0,0,0,0,0,0,0,0,0,0,0
99,Repatriated travellers,Voyageurs rapatriÃ©s,3/26/2020,,13,0,0,13,76,48,,,,,0,0,,,0,0,0,0,,100,13,,12,,0,,3,,0,,0,,0,,
1,Canada,Canada,3/26/2020,,4018,25,39,4043,161679,112449,230,5.69,4254,2959,634,18.6,10.64,0.1,4,0.96,13814,10911,230,93.35,3774,9.93,3902,10.27,37,0.1,3170,8.34,27,0.07,453,1.19,4,0.01,0.61
59,British Columbia,Colombie-Britannique,3/27/2020,,725,0,14,725,31536,32473,186,25.66,6126,6308,0,0,14.08,0.27,0,1.93,1298,2754,0,72.41,525,10.2,672,13.05,13,0.25,454,8.82,5,0.1,65,1.26,1,0.01,0
48,Alberta,Alberta,3/27/2020,,542,0,2,542,38215,36010,27,4.98,8642,8144,56,11.52,12.26,0.05,0,0.37,1615,1645,0,94.65,513,11.6,519,11.74,2,0.05,347,7.85,1,0.02,50,1.12,0,0,0
47,Saskatchewan,Saskatchewan,3/27/2020,,104,0,0,104,7360,5999,3,2.88,6244,5090,9,9.47,8.82,0,0,0,631,645,0,97.12,101,8.57,103,8.74,0,0,78,6.62,0,0,11,0.95,0,0,0
46,Manitoba,Manitoba,3/27/2020,,25,14,1,39,6022,5387,1,2.56,4366,3906,3,8.33,2.83,0.07,1,2.56,593,734,0,94.87,37,2.68,36,2.61,1,0.07,22,1.6,1,0.07,3,0.23,0,0.01,0
35,Ontario,Ontario,3/27/2020,,993,0,18,993,43651,0,8,0.81,2963,,135,15.73,6.74,0.12,3,1.81,2434,0,0,97.38,967,6.56,914,6.2,17,0.12,682,4.63,16,0.11,97,0.66,2,0.02,0
24,Quebec,QuÃ©bec,3/27/2020,,2021,0,18,2021,34356,35393,29,1.43,4007,4128,392,24.06,23.57,0.21,10,0.89,1045,5297,27,97.67,1974,23.02,2004,23.37,18,0.21,1882,21.95,17,0.2,269,3.14,2,0.03,0.31
10,Newfoundland and Labrador,Terre-Neuve-et-Labrador,3/27/2020,,102,0,0,102,1684,2533,,,3225,4852,20,24.39,19.54,0,0,0,237,260,,100,102,19.54,102,19.54,0,0,98,18.77,0,0,14,2.68,0,0,0
13,New Brunswick,Nouveau-Brunswick,3/27/2020,,45,0,0,45,2179,2218,1,2.22,2788,2838,12,36.36,5.76,0,0,0,330,307,1,97.78,44,5.63,44,5.63,0,0,34,4.35,0,0,5,0.62,0,0,0.13
12,Nova Scotia,Nouvelle-Ã‰cosse,3/27/2020,,90,0,0,90,3946,3405,2,2.22,4029,3477,17,23.29,9.19,0,0,0,529,474,0,97.78,88,8.99,90,9.19,0,0,75,7.66,0,0,11,1.09,0,0,0
11,Prince Edward Island,ÃŽle-du-Prince-Ã‰douard,3/27/2020,,11,0,0,11,422,242,1,9.09,2644,1516,2,22.22,6.89,0,0,0,69,0,0,90.91,10,6.26,11,6.89,0,0,9,5.64,0,0,1,0.81,0,0,0
60,Yukon,Yukon,3/27/2020,,3,0,0,3,603,383,,,14339,9108,0,0,7.13,0,0,0,187,56,,100,3,7.13,3,7.13,0,0,3,7.13,0,0,0,1.02,0,0,0
61,Northwest Territories,Territoires du Nord-Ouest,3/27/2020,,1,0,0,1,545,521,,,12068,11537,0,0,2.21,0,0,0,64,44,,100,1,2.21,1,2.21,0,0,1,2.21,0,0,0,0.32,0,0,0
62,Nunavut,Nunavut,3/27/2020,,0,0,0,0,125,54,,,3176,1372,0,0,0,0,0,,9,1,,,,0,0,0,0,0,0,0,0,0,0,0,0,0,0
99,Repatriated travellers,Voyageurs rapatriÃ©s,3/27/2020,,13,0,0,13,76,48,,,,,0,0,,,0,0,0,0,,100,13,,11,,0,,0,,0,,0,,0,,
1,Canada,Canada,3/27/2020,,4675,14,53,4689,170720,124666,256,5.46,4492,3280,646,15.98,12.34,0.14,14,1.13,9041,12217,26,93.41,4380,11.52,4510,11.87,51,0.13,3685,9.7,40,0.11,526,1.39,6,0.02,0.07
59,British Columbia,Colombie-Britannique,3/28/2020,,884,0,16,884,31536,35146,396,44.8,6126,6827,159,21.93,17.17,0.31,2,1.81,0,2673,210,53.39,472,9.17,820,15.93,15,0.29,460,8.94,6,0.12,66,1.28,1,0.02,4.08
48,Alberta,Alberta,3/28/2020,,542,0,2,542,38215,37326,53,9.78,8642,8441,0,0,12.26,0.05,0,0.37,0,1316,26,89.85,487,11.01,513,11.6,2,0.05,316,7.15,1,0.02,45,1.02,0,0,0.59
47,Saskatchewan,Saskatchewan,3/28/2020,,134,0,0,134,8009,6664,3,2.24,6795,5654,30,28.85,11.37,0,0,0,649,665,0,97.76,131,11.11,132,11.2,0,0,90,7.64,0,0,13,1.09,0,0,0
46,Manitoba,Manitoba,3/28/2020,,25,39,1,64,6931,5993,1,1.56,5025,4345,25,64.1,4.64,0.07,0,1.56,909,606,0,96.88,62,4.5,60,4.35,1,0.07,45,3.26,1,0.07,6,0.47,0,0.01,0
35,Ontario,Ontario,3/28/2020,,993,0,18,993,45836,0,8,0.81,3111,,0,0,6.74,0.12,0,1.81,2185,0,0,97.38,967,6.56,914,6.2,17,0.12,616,4.18,15,0.1,88,0.6,2,0.01,0
24,Quebec,QuÃ©bec,3/28/2020,,2498,0,22,2498,46087,41386,29,1.16,5375,4827,477,23.6,29.13,0.26,4,0.88,11731,5993,0,97.96,2447,28.54,2481,28.93,22,0.26,2277,26.56,18,0.21,325,3.79,3,0.03,0
10,Newfoundland and Labrador,Terre-Neuve-et-Labrador,3/28/2020,,120,0,0,120,1907,2784,4,3.33,3653,5332,18,17.65,22.98,0,0,0,223,251,4,96.67,116,22.22,120,22.98,0,0,114,21.83,0,0,16,3.12,0,0,0.77
13,New Brunswick,Nouveau-Brunswick,3/28/2020,,51,0,0,51,2512,2548,2,3.92,3214,3260,6,13.33,6.53,0,0,0,333,330,1,96.08,49,6.27,49,6.27,0,0,34,4.35,0,0,5,0.62,0,0,0.13
12,Nova Scotia,Nouvelle-Ã‰cosse,3/28/2020,,110,0,0,110,4487,3793,4,3.64,4582,3873,20,22.22,11.23,0,0,0,541,388,2,96.36,106,10.82,110,11.23,0,0,89,9.09,0,0,13,1.3,0,0,0.2
11,Prince Edward Island,ÃŽle-du-Prince-Ã‰douard,3/28/2020,,11,0,0,11,422,389,1,9.09,2644,2437,0,0,6.89,0,0,0,0,147,0,90.91,10,6.26,11,6.89,0,0,9,5.64,0,0,1,0.81,0,0,0
60,Yukon,Yukon,3/28/2020,,4,0,0,4,641,449,,,15243,10677,1,33.33,9.51,0,0,0,38,66,,100,4,9.51,4,9.51,0,0,4,9.51,0,0,1,1.36,0,0,0
61,Northwest Territories,Territoires du Nord-Ouest,3/28/2020,,1,0,0,1,740,557,,,16386,12334,0,0,2.21,0,0,0,195,36,,100,1,2.21,1,2.21,0,0,0,0,0,0,0,0,0,0,0
62,Nunavut,Nunavut,3/28/2020,,0,0,0,0,125,70,,,3176,1779,0,0,0,0,0,,0,16,,,,0,0,0,0,0,0,0,0,0,0,0,0,0,0
99,Repatriated travellers,Voyageurs rapatriÃ©s,3/28/2020,,13,0,0,13,76,48,,,,,0,0,,,0,0,0,0,,100,13,,11,,0,,0,,0,,0,,0,,
1,Canada,Canada,3/28/2020,,5386,39,59,5425,187524,137153,502,9.25,4934,3609,736,15.7,14.27,0.16,6,1.09,16804,12487,246,89.66,4864,12.8,5226,13.75,57,0.15,4054,10.67,41,0.11,579,1.52,6,0.02,0.65
59,British Columbia,Colombie-Britannique,3/29/2020,,884,0,17,884,33476,37332,396,44.8,6503,7252,0,0,17.17,0.33,1,1.92,1940,2186,0,53.28,471,9.15,811,15.75,16,0.31,460,8.94,7,0.14,66,1.28,1,0.02,0
48,Alberta,Alberta,3/29/2020,,621,0,2,621,44097,41023,73,11.76,9972,9277,79,14.58,14.04,0.05,0,0.32,5882,3697,20,87.92,546,12.35,582,13.16,2,0.05,362,8.19,1,0.02,52,1.17,0,0,0.45
47,Saskatchewan,Saskatchewan,3/29/2020,,134,0,0,134,8822,7332,4,2.99,7485,6221,0,0,11.37,0,0,0,813,668,1,97.01,130,11.03,132,11.2,0,0,82,6.96,0,0,12,0.99,0,0,0.08
46,Manitoba,Manitoba,3/29/2020,,69,3,1,72,7876,6910,1,1.39,5710,5010,8,12.5,5.22,0.07,0,1.39,945,917,0,97.22,70,5.08,68,4.93,1,0.07,53,3.84,1,0.07,8,0.55,0,0.01,0
35,Ontario,Ontario,3/29/2020,,1355,0,19,1355,52002,0,8,0.59,3529,,362,36.46,9.2,0.13,1,1.4,6166,0,0,98.01,1328,9.01,1252,8.5,18,0.12,930,6.31,14,0.1,133,0.9,2,0.01,0
24,Quebec,QuÃ©bec,3/29/2020,,2840,0,22,2840,52204,47780,29,1.02,6088,5572,342,13.69,33.12,0.26,0,0.77,6117,6394,0,98.2,2789,32.53,2816,32.84,22,0.26,2619,30.54,18,0.21,374,4.36,3,0.03,0
10,Newfoundland and Labrador,Terre-Neuve-et-Labrador,3/29/2020,,135,0,0,135,2107,3100,4,2.96,4036,5938,15,12.5,25.86,0,0,0,200,316,0,97.04,131,25.09,134,25.67,0,0,126,24.13,0,0,18,3.45,0,0,0
13,New Brunswick,Nouveau-Brunswick,3/29/2020,,66,0,0,66,2847,2930,2,3.03,3643,3749,15,29.41,8.45,0,0,0,335,382,0,96.97,64,8.19,64,8.19,0,0,49,6.27,0,0,7,0.9,0,0,0
12,Nova Scotia,Nouvelle-Ã‰cosse,3/29/2020,,122,0,0,122,4984,4404,4,3.28,5089,4497,12,10.91,12.46,0,0,0,497,611,0,96.72,118,12.05,122,12.46,0,0,94,9.6,0,0,13,1.37,0,0,0
11,Prince Edward Island,ÃŽle-du-Prince-Ã‰douard,3/29/2020,,11,0,0,11,477,458,1,9.09,2988,2869,0,0,6.89,0,0,0,55,69,0,90.91,10,6.26,10,6.26,0,0,8,5.01,0,0,1,0.72,0,0,0
60,Yukon,Yukon,3/29/2020,,4,0,0,4,678,502,,,16123,11938,0,0,9.51,0,0,0,37,53,,100,4,9.51,4,9.51,0,0,4,9.51,0,0,1,1.36,0,0,0
61,Northwest Territories,Territoires du Nord-Ouest,3/29/2020,,1,0,0,1,740,697,,,16386,15434,0,0,2.21,0,0,0,0,140,,100,1,2.21,1,2.21,0,0,0,0,0,0,0,0,0,0,0
62,Nunavut,Nunavut,3/29/2020,,0,0,0,0,125,79,,,3176,2007,0,0,0,0,0,,0,9,,,,0,0,0,0,0,0,0,0,0,0,0,0,0,0
99,Repatriated travellers,Voyageurs rapatriÃ©s,3/29/2020,,13,0,0,13,76,48,,,,,0,0,,,0,0,0,0,,100,13,,9,,0,,0,,0,,0,,0,,
1,Canada,Canada,3/29/2020,,6255,3,61,6258,210511,152595,522,8.34,5539,4015,833,15.35,16.47,0.16,2,0.97,22987,15442,20,90.68,5675,14.93,6005,15.8,59,0.16,4787,12.6,41,0.11,684,1.8,6,0.02,0.05
59,British Columbia,Colombie-Britannique,3/30/2020,,960,0,19,960,34969,39115,469,48.85,6793,7599,76,8.6,18.65,0.37,2,1.98,1493,1783,73,49.17,472,9.17,887,17.23,15,0.29,488,9.48,6,0.12,70,1.35,1,0.02,1.42
48,Alberta,Alberta,3/30/2020,,690,0,8,690,46057,43168,94,13.62,10416,9762,69,11.11,15.6,0.18,6,1.16,1960,2145,21,85.22,588,13.3,634,14.34,8,0.18,389,8.8,7,0.16,56,1.26,1,0.02,0.47
47,Saskatchewan,Saskatchewan,3/30/2020,,175,0,2,175,9372,8170,14,8,7951,6931,41,30.6,14.85,0.17,2,1.14,550,838,10,90.86,159,13.49,169,14.34,2,0.17,109,9.25,2,0.17,16,1.32,0,0.02,0.85
46,Manitoba,Manitoba,3/30/2020,,83,13,1,96,8326,7119,2,2.08,6037,5161,24,33.33,6.96,0.07,0,1.04,450,209,1,96.88,93,6.74,89,6.45,1,0.07,76,5.51,1,0.07,11,0.79,0,0.01,0.07
35,Ontario,Ontario,3/30/2020,,1706,0,33,1706,54112,0,431,25.26,3673,,351,25.9,11.58,0.22,14,1.93,2110,0,423,72.8,1242,8.43,1561,10.59,32,0.22,1203,8.16,27,0.18,172,1.17,4,0.03,2.87
24,Quebec,QuÃ©bec,3/30/2020,,3430,0,25,3430,59715,53744,29,0.85,6964,6268,590,20.77,40,0.29,3,0.73,7511,5964,0,98.43,3376,39.37,3391,39.55,25,0.29,2802,32.68,21,0.24,400,4.67,3,0.03,0
10,Newfoundland and Labrador,Terre-Neuve-et-Labrador,3/30/2020,,148,0,1,148,2332,3333,7,4.73,4467,6384,13,9.63,28.35,0.19,1,0.68,225,233,3,94.59,140,26.81,147,28.16,1,0.19,124,23.75,1,0.19,18,3.39,0,0.03,0.57
13,New Brunswick,Nouveau-Brunswick,3/30/2020,,68,0,0,68,3267,3219,2,2.94,4181,4119,2,3.03,8.7,0,0,0,420,289,0,97.06,66,8.45,62,7.93,0,0,51,6.53,0,0,7,0.93,0,0,0
12,Nova Scotia,Nouvelle-Ã‰cosse,3/30/2020,,127,0,0,127,5492,4938,10,7.87,5608,5042,5,4.1,12.97,0,0,0,508,534,6,92.13,117,11.95,124,12.66,0,0,86,8.78,0,0,12,1.25,0,0,0.61
11,Prince Edward Island,ÃŽle-du-Prince-Ã‰douard,3/30/2020,,18,0,0,18,477,458,1,5.56,2988,2869,7,63.64,11.28,0,0,0,0,0,0,94.44,17,10.65,17,10.65,0,0,15,9.4,0,0,2,1.34,0,0,0
60,Yukon,Yukon,3/30/2020,,5,0,0,5,688,541,,,16361,12865,1,25,11.89,0,0,0,10,39,,100,5,11.89,5,11.89,0,0,3,7.13,0,0,0,1.02,0,0,0
61,Northwest Territories,Territoires du Nord-Ouest,3/30/2020,,1,0,0,1,740,769,,,16386,17028,0,0,2.21,0,0,0,0,72,,100,1,2.21,1,2.21,0,0,0,0,0,0,0,0,0,0,0
62,Nunavut,Nunavut,3/30/2020,,0,0,0,0,158,96,,,4015,2439,0,0,0,0,0,,33,17,,,,0,0,0,0,0,0,0,0,0,0,0,0,0,0
99,Repatriated travellers,Voyageurs rapatriÃ©s,3/30/2020,,13,0,0,13,76,48,9,69.23,,,0,0,,,0,0,0,0,9,30.77,4,,9,,0,,0,,0,,0,,0,,
1,Canada,Canada,3/30/2020,,7424,13,89,7437,225781,164718,1068,14.36,5941,4334,1179,18.84,19.57,0.23,28,1.2,15270,12123,546,84.44,6280,16.52,7096,18.67,84,0.22,5346,14.07,65,0.17,764,2.01,9,0.02,1.44
59,British Columbia,Colombie-Britannique,3/31/2020,,970,0,19,970,36024,40710,507,52.27,6998,7908,10,1.04,18.84,0.37,0,1.96,1055,1595,38,45.77,444,8.63,867,16.84,12,0.23,353,6.86,6,0.12,50,0.98,1,0.02,0.74
48,Alberta,Alberta,3/31/2020,,754,0,9,754,48692,45097,120,15.92,11012,10199,64,9.28,17.05,0.2,1,1.19,2635,1929,26,82.89,625,14.13,680,15.38,9,0.2,396,8.96,7,0.16,57,1.28,1,0.02,0.59
47,Saskatchewan,Saskatchewan,3/31/2020,,184,0,2,184,9372,8735,21,11.41,7951,7411,9,5.14,15.61,0.17,0,1.09,0,565,7,87.5,161,13.66,177,15.02,2,0.17,112,9.5,2,0.17,16,1.36,0,0.02,0.59
46,Manitoba,Manitoba,3/31/2020,,91,12,1,103,8629,8326,4,3.88,6256,6037,7,7.29,7.47,0.07,0,0.97,303,1207,2,95.15,98,7.11,96,6.96,1,0.07,82,5.95,1,0.07,12,0.85,0,0.01,0.15
35,Ontario,Ontario,3/31/2020,,1966,0,33,1966,55909,0,534,27.16,3795,,260,15.24,13.34,0.22,0,1.68,1797,0,103,71.16,1399,9.5,1789,12.14,32,0.22,1378,9.35,25,0.17,197,1.34,4,0.02,0.7
24,Quebec,QuÃ©bec,3/31/2020,,4162,0,31,4162,67540,61057,29,0.7,7877,7121,732,21.34,48.54,0.36,6,0.74,7825,7313,0,98.56,4102,47.84,4112,47.96,31,0.36,3149,36.72,27,0.31,450,5.25,4,0.04,0
10,Newfoundland and Labrador,Terre-Neuve-et-Labrador,3/31/2020,,152,0,1,152,2500,3622,7,4.61,4788,6937,4,2.7,29.11,0.19,0,0.66,168,289,0,94.74,144,27.58,151,28.92,1,0.19,117,22.41,1,0.19,17,3.2,0,0.03,0
13,New Brunswick,Nouveau-Brunswick,3/31/2020,,70,0,0,70,3630,3514,9,12.86,4645,4497,2,2.94,8.96,0,0,0,363,295,7,87.14,61,7.81,63,8.06,0,0,52,6.65,0,0,7,0.95,0,0,0.9
12,Nova Scotia,Nouvelle-Ã‰cosse,3/31/2020,,147,0,0,147,6614,5261,10,6.8,6753,5372,20,15.75,15.01,0,0,0,1122,323,0,93.2,137,13.99,142,14.5,0,0,96,9.8,0,0,14,1.4,0,0,0
11,Prince Edward Island,ÃŽle-du-Prince-Ã‰douard,3/31/2020,,21,0,0,21,551,513,1,4.76,3452,3214,3,16.67,13.16,0,0,0,74,55,0,95.24,20,12.53,20,12.53,0,0,18,11.28,0,0,3,1.61,0,0,0
60,Yukon,Yukon,3/31/2020,,5,0,0,5,702,541,,,16694,12865,0,0,11.89,0,0,0,14,0,,100,5,11.89,5,11.89,0,0,3,7.13,0,0,0,1.02,0,0,0
61,Northwest Territories,Territoires du Nord-Ouest,3/31/2020,,1,0,0,1,808,798,,,17892,17670,0,0,2.21,0,0,0,68,29,,100,1,2.21,1,2.21,0,0,0,0,0,0,0,0,0,0,0
62,Nunavut,Nunavut,3/31/2020,,0,0,0,0,167,96,,,4244,2439,0,0,0,0,0,,9,0,,,,0,0,0,0,0,0,0,0,0,0,0,0,0,0
99,Repatriated travellers,Voyageurs rapatriÃ©s,3/31/2020,,13,0,0,13,76,48,12,92.31,,,0,0,,,0,0,0,0,3,7.69,1,,5,,0,,0,,0,,0,,0,,
1,Canada,Canada,3/31/2020,,8536,12,96,8548,241214,178318,1254,14.67,6347,4692,1111,14.94,22.49,0.25,7,1.12,15433,13600,186,84.21,7198,18.94,8108,21.33,88,0.23,5756,15.15,69,0.18,822,2.16,10,0.03,0.49
59,British Columbia,Colombie-Britannique,4/1/2020,,1066,0,25,1066,36364,41710,606,56.85,7064,8103,96,9.9,20.71,0.49,6,2.35,340,1000,99,40.81,435,8.45,880,17.09,18,0.35,407,7.91,11,0.21,58,1.13,2,0.03,1.92
48,Alberta,Alberta,4/1/2020,,754,0,9,754,53141,47646,142,18.83,12018,10775,0,0,17.05,0.2,0,1.19,4449,2549,22,79.97,603,13.64,657,14.86,9,0.2,335,7.58,7,0.16,48,1.08,1,0.02,0.5
47,Saskatchewan,Saskatchewan,4/1/2020,,193,0,3,193,10202,9210,30,15.54,8655,7814,9,4.89,16.37,0.25,1,1.55,830,475,9,82.9,160,13.57,185,15.7,3,0.25,107,9.08,3,0.25,15,1.3,0,0.04,0.76
46,Manitoba,Manitoba,4/1/2020,,109,18,1,127,9811,8704,4,3.15,7113,6311,24,23.3,9.21,0.07,0,0.79,1182,378,0,96.06,122,8.85,112,8.12,1,0.07,92,6.67,1,0.07,13,0.95,0,0.01,0
35,Ontario,Ontario,4/1/2020,,2392,0,37,2392,61009,0,689,28.8,4141,,426,21.67,16.23,0.25,4,1.55,5100,0,155,69.65,1666,11.31,2203,14.95,36,0.24,1704,11.57,24,0.16,243,1.65,3,0.02,1.05
24,Quebec,QuÃ©bec,4/1/2020,,4611,0,33,4611,69711,69119,29,0.63,8130,8061,449,10.79,53.78,0.38,2,0.72,2171,8062,0,98.66,4549,53.05,4537,52.91,32,0.37,3272,38.16,27,0.31,467,5.45,4,0.04,0
10,Newfoundland and Labrador,Terre-Neuve-et-Labrador,4/1/2020,,175,0,1,175,2762,3812,10,5.71,5290,7301,23,15.13,33.52,0.19,0,0.57,262,190,3,93.71,164,31.41,172,32.94,1,0.19,108,20.69,1,0.19,15,2.96,0,0.03,0.57
13,New Brunswick,Nouveau-Brunswick,4/1/2020,,81,0,0,81,4121,3968,14,17.28,5273,5078,11,15.71,10.37,0,0,0,491,454,5,82.72,67,8.57,73,9.34,0,0,55,7.04,0,0,8,1.01,0,0,0.64
12,Nova Scotia,Nouvelle-Ã‰cosse,4/1/2020,,173,0,0,173,7405,6023,11,6.36,7561,6150,26,17.69,17.66,0,0,0,791,762,1,93.64,162,16.54,166,16.95,0,0,105,10.72,0,0,15,1.53,0,0,0.1
11,Prince Edward Island,ÃŽle-du-Prince-Ã‰douard,4/1/2020,,21,0,0,21,551,513,3,14.29,3452,3214,0,0,13.16,0,0,0,0,0,2,85.71,18,11.28,20,12.53,0,0,16,10.02,0,0,2,1.43,0,0,1.25
60,Yukon,Yukon,4/1/2020,,5,0,0,5,722,614,3,60,17169,14601,0,0,11.89,0,0,0,20,73,3,40,2,4.76,5,11.89,0,0,2,4.76,0,0,0,0.68,0,0,7.13
61,Northwest Territories,Territoires du Nord-Ouest,4/1/2020,,2,0,0,2,951,875,,,21058,19375,1,100,4.43,0,0,0,143,77,,100,2,4.43,2,4.43,0,0,1,2.21,0,0,0,0.32,0,0,0
62,Nunavut,Nunavut,4/1/2020,,0,0,0,0,183,97,,,4650,2465,0,0,0,0,0,,16,1,,,,0,0,0,0,0,0,0,0,0,0,0,0,0,0
99,Repatriated travellers,Voyageurs rapatriÃ©s,4/1/2020,,13,0,0,13,76,48,12,92.31,,,0,0,,,0,0,0,0,0,7.69,1,,4,,0,,0,,0,,0,,0,,
1,Canada,Canada,4/1/2020,,9595,18,109,9613,256009,192339,1553,16.16,6736,5061,1065,12.46,25.29,0.29,13,1.13,14795,14021,299,82.71,7951,20.92,9016,23.72,100,0.26,6204,16.32,74,0.19,886,2.33,11,0.03,0.79
59,British Columbia,Colombie-Britannique,4/2/2020,,1121,0,31,1121,36966,42799,641,57.18,7181,8314,55,5.16,21.78,0.6,6,2.77,602,1089,35,40.05,449,8.72,850,16.51,23,0.45,396,7.69,17,0.33,57,1.1,2,0.05,0.68
48,Alberta,Alberta,4/2/2020,,968,0,13,968,57096,52417,174,17.98,12912,11854,214,28.38,21.89,0.29,4,1.34,3955,4771,32,80.68,781,17.66,822,18.59,12,0.27,482,10.9,11,0.25,69,1.56,2,0.04,0.72
47,Saskatchewan,Saskatchewan,4/2/2020,,206,0,3,206,11034,9612,36,17.48,9361,8155,13,6.74,17.48,0.25,0,1.46,832,402,6,81.07,167,14.17,186,15.78,3,0.25,111,9.42,3,0.25,16,1.35,0,0.04,0.51
46,Manitoba,Manitoba,4/2/2020,,152,15,1,167,11098,9814,11,6.59,8046,7115,40,31.5,12.11,0.07,0,0.6,1287,1110,7,92.81,155,11.24,150,10.88,1,0.07,131,9.5,1,0.07,19,1.36,0,0.01,0.51
35,Ontario,Ontario,4/2/2020,,2793,0,53,2793,64785,0,831,29.75,4397,,401,16.76,18.96,0.36,16,1.9,3776,0,142,68.35,1909,12.96,2535,17.21,51,0.35,1935,13.13,38,0.26,276,1.88,5,0.04,0.96
24,Quebec,QuÃ©bec,4/2/2020,,5518,0,36,5518,74542,76378,224,4.06,8693,8908,907,19.67,64.35,0.42,3,0.65,4831,7259,195,95.29,5258,61.32,5397,62.94,35,0.41,3889,45.36,28,0.33,556,6.48,4,0.05,2.27
10,Newfoundland and Labrador,Terre-Neuve-et-Labrador,4/2/2020,,183,0,1,183,2904,4109,10,5.46,5562,7870,8,4.57,35.05,0.19,0,0.55,142,297,0,93.99,172,32.94,180,34.48,1,0.19,101,19.34,1,0.19,14,2.76,0,0.03,0
13,New Brunswick,Nouveau-Brunswick,4/2/2020,,91,0,0,91,4625,4415,22,24.18,5918,5650,10,12.35,11.64,0,0,0,504,447,8,75.82,69,8.83,80,10.24,0,0,58,7.42,0,0,8,1.06,0,0,1.02
12,Nova Scotia,Nouvelle-Ã‰cosse,4/2/2020,,193,0,0,193,8059,6898,16,8.29,8229,7043,20,11.56,19.71,0,0,0,654,875,5,91.71,177,18.07,179,18.28,0,0,120,12.25,0,0,17,1.75,0,0,0.51
11,Prince Edward Island,ÃŽle-du-Prince-Ã‰douard,4/2/2020,,22,0,0,22,653,587,3,13.64,4091,3677,1,4.76,13.78,0,0,0,102,74,0,86.36,19,11.9,20,12.53,0,0,13,8.14,0,0,2,1.16,0,0,0
60,Yukon,Yukon,4/2/2020,,6,0,0,6,742,640,3,50,17645,15219,1,20,14.27,0,0,0,20,26,0,50,3,7.13,6,14.27,0,0,3,7.13,0,0,0,1.02,0,0,0
61,Northwest Territories,Territoires du Nord-Ouest,4/2/2020,,2,0,0,2,969,946,,,21457,20947,0,0,4.43,0,0,0,18,71,,100,2,4.43,2,4.43,0,0,1,2.21,0,0,0,0.32,0,0,0
62,Nunavut,Nunavut,4/2/2020,,0,0,0,0,193,97,,,4904,2465,0,0,0,0,0,,10,0,,,,0,0,0,0,0,0,0,0,0,0,0,0,0,0
99,Repatriated travellers,Voyageurs rapatriÃ©s,4/2/2020,,13,0,0,13,76,48,12,92.31,,,0,0,,,0,0,0,0,0,7.69,1,,3,,0,,0,,0,,0,,0,,
1,Canada,Canada,4/2/2020,,11268,15,138,11283,273742,208760,1983,17.58,7203,5493,1670,17.37,29.69,0.36,29,1.22,17733,16421,430,81.2,9162,24.11,10410,27.39,126,0.33,7240,19.05,99,0.26,1034,2.72,14,0.04,1.13
59,British Columbia,Colombie-Britannique,4/3/2020,,1174,0,35,1174,39926,43986,641,54.6,7756,8545,53,4.73,22.81,0.68,4,2.98,2960,1187,0,42.42,498,9.67,903,17.54,26,0.51,449,8.72,21,0.41,64,1.25,3,0.06,0
48,Alberta,Alberta,4/3/2020,,1075,0,18,1075,60508,56027,,,13684,12670,107,11.05,24.31,0.41,5,1.67,3412,3610,,98.33,1057,23.9,880,19.9,17,0.38,533,12.05,16,0.36,76,1.72,2,0.05,0
47,Saskatchewan,Saskatchewan,4/3/2020,,220,0,3,220,11720,10479,,,9943,8890,14,6.8,18.66,0.25,0,1.36,686,867,,98.64,217,18.41,194,16.46,3,0.25,116,9.84,3,0.25,17,1.41,0,0.04,0
46,Manitoba,Manitoba,4/3/2020,,164,18,2,182,11650,11108,,,8447,8054,15,8.98,13.2,0.15,1,1.1,552,1294,,98.9,180,13.05,165,11.96,2,0.15,143,10.37,1,0.07,20,1.48,0,0.01,0
35,Ontario,Ontario,4/3/2020,,3255,0,67,3255,67998,0,,,4615,,462,16.54,22.09,0.45,14,2.06,3213,0,,97.94,3188,21.64,2944,19.98,65,0.44,2262,15.35,49,0.33,323,2.19,7,0.05,0
24,Quebec,QuÃ©bec,4/3/2020,,6101,0,61,6101,83570,82742,,,9746,9650,583,10.57,71.15,0.71,25,1,9028,6364,,99,6040,70.44,5962,69.53,60,0.7,4080,47.58,43,0.5,583,6.8,6,0.07,0
10,Newfoundland and Labrador,Terre-Neuve-et-Labrador,4/3/2020,,183,0,1,183,3136,4241,,,6006,8123,0,0,35.05,0.19,0,0.55,232,132,,99.45,182,34.86,179,34.28,1,0.19,81,15.51,1,0.19,12,2.22,0,0.03,0
13,New Brunswick,Nouveau-Brunswick,4/3/2020,,95,0,0,95,5036,4872,,,6444,6234,4,4.4,12.16,0,0,0,411,457,,100,95,12.16,84,10.75,0,0,50,6.4,0,0,7,0.91,0,0,0
12,Nova Scotia,Nouvelle-Ã‰cosse,4/3/2020,,207,0,0,207,8799,7792,,,8985,7956,14,7.25,21.14,0,0,0,740,894,,100,207,21.14,192,19.6,0,0,117,11.95,0,0,17,1.71,0,0,0
11,Prince Edward Island,ÃŽle-du-Prince-Ã‰douard,4/3/2020,,22,0,0,22,653,587,,,4091,3677,0,0,13.78,0,0,0,0,0,,100,22,13.78,20,12.53,0,0,11,6.89,0,0,2,0.98,0,0,0
60,Yukon,Yukon,4/3/2020,,6,0,0,6,753,643,,,17906,15291,0,0,14.27,0,0,0,11,3,,100,6,14.27,6,14.27,0,0,3,7.13,0,0,0,1.02,0,0,0
61,Northwest Territories,Territoires du Nord-Ouest,4/3/2020,,4,0,0,4,1109,957,,,24557,21191,2,100,8.86,0,0,0,140,11,,100,4,8.86,4,8.86,0,0,3,6.64,0,0,0,0.95,0,0,0
62,Nunavut,Nunavut,4/3/2020,,0,0,0,0,207,136,,,5260,3456,0,0,0,0,0,,14,39,,,,0,0,0,0,0,0,0,0,0,0,0,0,0,0
99,Repatriated travellers,Voyageurs rapatriÃ©s,4/3/2020,,13,0,0,13,76,48,,,,,0,0,,,0,0,0,0,,100,13,,0,,0,,0,,0,,0,,0,,
1,Canada,Canada,4/3/2020,,12519,18,187,12537,295141,223618,,,7766,5884,1254,11.11,32.99,0.49,49,1.49,21399,14858,,98.51,12350,32.5,11533,30.35,174,0.46,7848,20.65,134,0.35,1121,2.95,19,0.05,0
59,British Columbia,Colombie-Britannique,4/4/2020,,1203,0,38,1203,40771,45131,705,58.6,7920,8767,29,2.47,23.37,0.74,3,3.16,845,1145,64,38.24,460,8.94,779,15.13,28,0.54,319,6.2,22,0.43,46,0.89,3,0.06,1.24
48,Alberta,Alberta,4/4/2020,,1075,0,18,1075,62520,60036,,,14139,13577,0,0,24.31,0.41,0,1.67,2012,4009,,98.33,1057,23.9,849,19.2,17,0.38,533,12.05,16,0.36,76,1.72,2,0.05,0
47,Saskatchewan,Saskatchewan,4/4/2020,,231,0,3,231,12244,11196,,,10388,9499,11,5,19.6,0.25,0,1.3,524,717,,98.7,228,19.34,187,15.87,3,0.25,97,8.23,3,0.25,14,1.18,0,0.04,0
46,Manitoba,Manitoba,4/4/2020,,172,22,2,194,12191,11734,,,8839,8507,12,6.59,14.07,0.15,0,1.03,541,626,,98.97,192,13.92,175,12.69,2,0.15,130,9.43,1,0.07,19,1.35,0,0.01,0
35,Ontario,Ontario,4/4/2020,,3630,0,94,3630,72674,0,,,4932,,375,11.52,24.64,0.64,27,2.59,4676,0,,97.41,3536,24,3253,22.08,91,0.62,2637,17.9,76,0.52,377,2.56,11,0.07,0
24,Quebec,QuÃ©bec,4/4/2020,,6997,0,75,6997,90227,89536,,,10523,10442,896,14.69,81.6,0.87,14,1.07,6657,6794,,98.93,6922,80.73,6776,79.02,71,0.83,4499,52.47,53,0.62,643,7.5,8,0.09,0
10,Newfoundland and Labrador,Terre-Neuve-et-Labrador,4/4/2020,,195,0,1,195,3345,4558,,,6407,8730,12,6.56,37.35,0.19,0,0.51,209,317,,99.49,194,37.16,189,36.2,1,0.19,75,14.36,1,0.19,11,2.05,0,0.03,0
13,New Brunswick,Nouveau-Brunswick,4/4/2020,,98,0,0,98,5297,5228,,,6778,6690,3,3.16,12.54,0,0,0,261,356,,100,98,12.54,81,10.37,0,0,47,6.01,0,0,7,0.86,0,0,0
12,Nova Scotia,Nouvelle-Ã‰cosse,4/4/2020,,236,0,0,236,9722,8620,,,9927,8802,29,14.01,24.1,0,0,0,923,828,,100,236,24.1,215,21.95,0,0,126,12.87,0,0,18,1.84,0,0,0
11,Prince Edward Island,ÃŽle-du-Prince-Ã‰douard,4/4/2020,,22,0,0,22,839,689,,,5256,4316,0,0,13.78,0,0,0,186,102,,100,22,13.78,20,12.53,0,0,11,6.89,0,0,2,0.98,0,0,0
60,Yukon,Yukon,4/4/2020,,6,0,0,6,765,644,,,18192,15314,0,0,14.27,0,0,0,12,1,,100,6,14.27,6,14.27,0,0,2,4.76,0,0,0,0.68,0,0,0
61,Northwest Territories,Territoires du Nord-Ouest,4/4/2020,,4,0,0,4,1169,1096,,,25885,24269,0,0,8.86,0,0,0,60,139,,100,4,8.86,3,6.64,0,0,3,6.64,0,0,0,0.95,0,0,0
62,Nunavut,Nunavut,4/4/2020,,0,0,0,0,207,163,,,5260,4142,0,0,0,0,0,,0,27,,,,0,0,0,0,0,0,0,0,0,0,0,0,0,0
99,Repatriated travellers,Voyageurs rapatriÃ©s,4/4/2020,,13,0,0,13,76,48,,,,,0,0,,,0,0,0,0,,100,13,,0,,0,,0,,0,,0,,0,,
1,Canada,Canada,4/4/2020,,13882,22,231,13904,312047,238679,,,8211,6280,1367,10.9,36.58,0.61,44,1.66,16906,15061,,98.34,13673,35.98,12533,32.98,213,0.56,8479,22.31,172,0.45,1211,3.19,25,0.06,0
59,British Columbia,Colombie-Britannique,4/5/2020,,1203,0,38,1203,41556,46346,704,58.52,8073,9003,0,0,23.37,0.74,0,3.16,785,1215,-1,38.32,461,8.96,779,15.13,28,0.54,319,6.2,21,0.41,46,0.89,3,0.06,-0.02
48,Alberta,Alberta,4/5/2020,,1250,0,23,1250,63315,61759,240,19.2,14319,13967,175,16.28,28.27,0.52,5,1.84,795,1723,240,78.96,987,22.32,991,22.41,22,0.5,629,14.22,21,0.47,90,2.03,3,0.07,5.43
47,Saskatchewan,Saskatchewan,4/5/2020,,249,0,3,249,13055,11754,55,22.09,11076,9972,18,7.79,21.13,0.25,0,1.2,811,558,55,76.71,191,16.2,197,16.71,3,0.25,115,9.76,3,0.25,16,1.39,0,0.04,4.67
46,Manitoba,Manitoba,4/5/2020,,187,16,2,203,12771,12301,17,8.37,9259,8919,9,4.64,14.72,0.15,0,0.99,580,567,17,90.64,184,13.34,184,13.34,2,0.15,131,9.5,1,0.07,19,1.36,0,0.01,1.23
35,Ontario,Ontario,4/5/2020,,4038,0,119,4038,76027,0,1219,30.19,5160,,408,11.24,27.41,0.81,25,2.95,3353,0,1219,66.86,2700,18.32,3613,24.52,114,0.77,2683,18.21,100,0.68,383,2.6,14,0.1,8.27
24,Quebec,QuÃ©bec,4/5/2020,,7944,0,94,7944,95955,96627,0,0,11191,11269,947,13.53,92.65,1.1,19,1.18,5728,7091,0,98.82,7850,91.55,7723,90.07,90,1.05,5104,59.52,72,0.84,729,8.5,10,0.12,0
10,Newfoundland and Labrador,Terre-Neuve-et-Labrador,4/5/2020,,217,0,1,217,3556,4811,11,5.07,6811,9215,22,11.28,41.56,0.19,0,0.46,211,253,11,94.47,205,39.26,208,39.84,1,0.19,82,15.71,1,0.19,12,2.24,0,0.03,2.11
13,New Brunswick,Nouveau-Brunswick,4/5/2020,,101,0,0,101,5421,5446,28,27.72,6937,6969,3,3.06,12.92,0,0,0,124,218,28,72.28,73,9.34,84,10.75,0,0,35,4.48,0,0,5,0.64,0,0,3.58
12,Nova Scotia,Nouvelle-Ã‰cosse,4/5/2020,,262,0,0,262,10084,9405,50,19.08,10297,9603,26,11.02,26.75,0,0,0,362,785,50,80.92,212,21.65,234,23.89,0,0,140,14.3,0,0,20,2.04,0,0,5.11
11,Prince Edward Island,ÃŽle-du-Prince-Ã‰douard,4/5/2020,,22,0,0,22,839,689,6,27.27,5256,4316,0,0,13.78,0,0,0,0,0,6,72.73,16,10.02,19,11.9,0,0,11,6.89,0,0,2,0.98,0,0,3.76
60,Yukon,Yukon,4/5/2020,,6,0,0,6,770,686,4,66.67,18311,16313,0,0,14.27,0,0,0,5,42,4,33.33,2,4.76,6,14.27,0,0,2,4.76,0,0,0,0.68,0,0,9.51
61,Northwest Territories,Territoires du Nord-Ouest,4/5/2020,,4,0,0,4,1215,1136,1,25,26904,25154,0,0,8.86,0,0,0,46,40,1,75,3,6.64,3,6.64,0,0,3,6.64,0,0,0,0.95,0,0,2.21
62,Nunavut,Nunavut,4/5/2020,,0,0,0,0,227,163,0,N/A,5768,4142,0,0,0,0,0,,20,0,0,,,0,0,0,0,0,0,0,0,0,0,0,0,0,0
99,Repatriated travellers,Voyageurs rapatriÃ©s,4/5/2020,,13,0,0,13,76,48,12,92.31,,,0,0,,,0,0,0,0,12,7.69,1,,0,,0,,0,,0,,0,,0,,
1,Canada,Canada,4/5/2020,,15496,16,280,15512,324861,251171,2335,15.05,8548,6609,1608,11.57,40.82,0.74,49,1.81,12814,12492,2335,83.14,12897,33.93,14041,36.94,260,0.68,9254,24.35,219,0.58,1322,3.48,31,0.08,6.14
59,British Columbia,Colombie-Britannique,4/6/2020,,1266,0,39,1266,42665,47593,783,61.85,8288,9245,63,5.24,24.59,0.76,1,3.08,1109,1247,79,35.07,444,8.63,794,15.42,26,0.51,306,5.94,20,0.39,44,0.85,3,0.06,1.53
48,Alberta,Alberta,4/6/2020,,1348,0,24,1348,64183,63566,361,26.78,14515,14375,98,7.84,30.48,0.54,1,1.78,868,1807,121,71.44,963,21.78,1047,23.68,23,0.52,658,14.88,16,0.36,94,2.13,2,0.05,2.74
47,Saskatchewan,Saskatchewan,4/6/2020,,253,0,3,253,13680,12612,81,32.02,11606,10700,4,1.61,21.46,0.25,0,1.19,625,858,26,66.8,169,14.34,187,15.87,3,0.25,78,6.62,1,0.08,11,0.95,0,0.01,2.21
46,Manitoba,Manitoba,4/6/2020,,190,14,2,204,13788,12789,17,8.33,9997,9272,1,0.49,14.79,0.15,0,0.98,1017,488,0,90.69,185,13.41,184,13.34,2,0.15,108,7.83,1,0.07,15,1.12,0,0.01,0
35,Ontario,Ontario,4/6/2020,,4347,0,132,4347,79125,0,1624,37.36,5370,,309,7.65,29.5,0.9,13,3.04,3098,0,405,59.6,2591,17.59,3844,26.09,126,0.86,2641,17.92,99,0.67,377,2.56,14,0.1,2.75
24,Quebec,QuÃ©bec,4/6/2020,,8580,0,121,8580,100113,101647,611,7.12,11676,11854,636,8.01,100.06,1.41,27,1.41,4158,5020,611,91.47,7848,91.53,7952,92.74,117,1.36,5150,60.06,96,1.12,736,8.58,14,0.16,7.13
10,Newfoundland and Labrador,Terre-Neuve-et-Labrador,4/6/2020,,226,0,2,226,3776,5079,32,14.16,7232,9728,9,4.15,43.29,0.38,1,0.88,220,268,21,84.96,192,36.77,202,38.69,2,0.38,78,14.94,1,0.19,11,2.13,0,0.03,4.02
13,New Brunswick,Nouveau-Brunswick,4/6/2020,,103,0,0,103,5678,5717,30,29.13,7266,7316,2,1.98,13.18,0,0,0,257,271,2,70.87,73,9.34,86,11,0,0,35,4.48,0,0,5,0.64,0,0,0.26
12,Nova Scotia,Nouvelle-Ã‰cosse,4/6/2020,,293,0,0,293,10738,9997,64,21.84,10964,10208,31,11.83,29.92,0,0,0,654,592,14,78.16,229,23.38,252,25.73,0,0,166,16.95,0,0,24,2.42,0,0,1.43
11,Prince Edward Island,ÃŽle-du-Prince-Ã‰douard,4/6/2020,,22,0,0,22,839,875,8,36.36,5256,5482,0,0,13.78,0,0,0,0,186,2,63.64,14,8.77,19,11.9,0,0,4,2.51,0,0,1,0.36,0,0,1.25
60,Yukon,Yukon,4/6/2020,,7,0,0,7,775,694,4,57.14,18430,16503,1,16.67,16.65,0,0,0,5,8,0,42.86,3,7.13,5,11.89,0,0,2,4.76,0,0,0,0.68,0,0,0
61,Northwest Territories,Territoires du Nord-Ouest,4/6/2020,,5,0,0,5,1217,1187,1,20,26948,26284,1,25,11.07,0,0,0,2,51,0,80,4,8.86,4,8.86,0,0,4,8.86,0,0,1,1.27,0,0,0
62,Nunavut,Nunavut,4/6/2020,,0,0,0,0,229,175,0,N/A,5819,4447,0,0,0,0,0,,2,12,0,,,0,0,0,0,0,0,0,0,0,0,0,0,0,0
99,Repatriated travellers,Voyageurs rapatriÃ©s,4/6/2020,,13,0,0,13,76,48,12,92.31,,,0,0,,,0,0,0,0,0,7.69,1,,0,,0,,0,,0,,0,,0,,
1,Canada,Canada,4/6/2020,,16653,14,323,16667,336882,261979,3616,21.7,8864,6893,1155,7.45,43.85,0.85,43,1.94,12021,10808,1281,76.37,12728,33.49,14576,38.35,299,0.79,9230,24.29,234,0.62,1319,3.47,33,0.09,3.37
59,British Columbia,Colombie-Britannique,4/7/2020,,1291,0,43,1291,43257,48356,783,60.65,8403,9394,25,1.97,25.08,0.84,4,3.33,592,763,0,36.02,465,9.03,674,13.09,30,0.58,321,6.24,24,0.47,46,0.89,3,0.07,0
48,Alberta,Alberta,4/7/2020,,1373,0,26,1373,65265,64751,,,14760,14643,25,1.85,31.05,0.59,2,1.89,1082,1185,,98.11,1347,30.46,1015,22.95,24,0.54,619,14,17,0.38,88,2,2,0.05,0
47,Saskatchewan,Saskatchewan,4/7/2020,,260,0,3,260,14203,13262,,,12050,11252,7,2.77,22.06,0.25,0,1.15,523,650,,98.85,257,21.8,188,15.95,3,0.25,76,6.45,1,0.08,11,0.92,0,0.01,0
46,Manitoba,Manitoba,4/7/2020,,203,14,3,217,13990,13247,,,10143,9604,13,6.37,15.73,0.22,1,1.38,202,458,,98.62,214,15.52,196,14.21,3,0.22,114,8.27,2,0.15,16,1.18,0,0.02,0
35,Ontario,Ontario,4/7/2020,,4726,0,153,4726,82055,0,,,5569,,379,8.72,32.08,1.04,21,3.24,2930,0,,96.76,4573,31.04,4138,28.08,145,0.98,2760,18.73,120,0.81,394,2.68,17,0.12,0
24,Quebec,QuÃ©bec,4/7/2020,,9340,0,150,9340,104526,105244,,,12190,12274,760,8.86,108.93,1.75,29,1.61,4413,3597,,98.39,9190,107.18,8327,97.11,146,1.7,5178,60.39,119,1.39,740,8.63,17,0.2,0
10,Newfoundland and Labrador,Terre-Neuve-et-Labrador,4/7/2020,,228,0,2,228,3958,5296,,,7581,10144,2,0.88,43.67,0.38,0,0.88,182,217,,99.12,226,43.29,193,36.97,2,0.38,76,14.56,1,0.19,11,2.08,0,0.03,0
13,New Brunswick,Nouveau-Brunswick,4/7/2020,,105,0,0,105,6102,5996,,,7808,7673,2,1.94,13.44,0,0,0,424,279,,100,105,13.44,87,11.13,0,0,35,4.48,0,0,5,0.64,0,0,0
12,Nova Scotia,Nouvelle-Ã‰cosse,4/7/2020,,310,0,0,310,11559,10647,,,11803,10871,17,5.8,31.65,0,0,0,821,650,,100,310,31.65,259,26.45,0,0,163,16.64,0,0,23,2.38,0,0,0
11,Prince Edward Island,ÃŽle-du-Prince-Ã‰douard,4/7/2020,,22,0,0,22,939,875,,,5883,5482,0,0,13.78,0,0,0,100,0,,100,22,13.78,19,11.9,0,0,1,0.63,0,0,0,0.09,0,0,0
60,Yukon,Yukon,4/7/2020,,7,0,0,7,787,694,,,18715,16503,0,0,16.65,0,0,0,12,0,,100,7,16.65,5,11.89,0,0,2,4.76,0,0,0,0.68,0,0,0
61,Northwest Territories,Territoires du Nord-Ouest,4/7/2020,,5,0,0,5,1230,1232,,,27236,27280,0,0,11.07,0,0,0,13,45,,100,5,11.07,4,8.86,0,0,4,8.86,0,0,1,1.27,0,0,0
62,Nunavut,Nunavut,4/7/2020,,0,0,0,0,234,177,,,5946,4498,0,0,0,0,0,,5,2,,,,0,0,0,0,0,0,0,0,0,0,0,0,0,0
99,Repatriated travellers,Voyageurs rapatriÃ©s,4/7/2020,,13,0,0,13,76,48,,,,,0,0,,,0,0,0,0,,100,13,,0,,0,,0,,0,,0,,0,,
1,Canada,Canada,4/7/2020,,17883,14,380,17897,342046,269825,,,9000,7100,1230,7.38,47.09,1,57,2.12,5164,7846,,97.88,17517,46.09,15105,39.74,353,0.93,9349,24.6,284,0.75,1336,3.51,41,0.11,0
59,British Columbia,Colombie-Britannique,4/8/2020,,1336,0,48,1336,44269,49148,838,62.72,8600,9548,45,3.49,25.95,0.93,5,3.59,1012,792,55,33.68,450,8.74,677,13.15,34,0.66,270,5.25,23,0.45,39,0.75,3,0.06,1.07
48,Alberta,Alberta,4/8/2020,,1423,0,29,1423,66783,65692,,,15103,14856,50,3.64,32.18,0.66,3,2.04,1518,941,,97.96,1394,31.53,1004,22.71,27,0.61,669,15.13,20,0.45,96,2.16,3,0.06,0
47,Saskatchewan,Saskatchewan,4/8/2020,,271,0,3,271,15059,13806,,,12776,11713,11,4.23,22.99,0.25,0,1.11,856,544,,98.89,268,22.74,185,15.7,3,0.25,78,6.62,0,0,11,0.95,0,0,0
46,Manitoba,Manitoba,4/8/2020,,206,15,3,221,14569,14025,,,10563,10168,4,1.84,16.02,0.22,0,1.36,579,778,,98.64,218,15.81,186,13.49,3,0.22,94,6.82,2,0.15,13,0.97,0,0.02,0
35,Ontario,Ontario,4/8/2020,,5276,0,174,5276,85703,0,,,5817,,550,11.64,35.81,1.18,21,3.3,3648,0,,96.7,5102,34.63,4588,31.14,161,1.09,2884,19.57,137,0.93,412,2.8,20,0.13,0
24,Quebec,QuÃ©bec,4/8/2020,,10031,0,175,10031,109270,109702,,,12743,12794,691,7.4,116.99,2.04,25,1.74,4744,4458,,98.26,9856,114.94,8692,101.37,169,1.97,5420,63.21,142,1.66,774,9.03,20,0.24,0
10,Newfoundland and Labrador,Terre-Neuve-et-Labrador,4/8/2020,,232,0,2,232,4135,5484,,,7920,10504,4,1.75,44.44,0.38,0,0.86,177,188,,99.14,230,44.05,165,31.6,2,0.38,57,10.92,1,0.19,8,1.56,0,0.03,0
13,New Brunswick,Nouveau-Brunswick,4/8/2020,,108,0,0,108,6477,6429,,,8288,8227,3,2.86,13.82,0,0,0,375,433,,100,108,13.82,82,10.49,0,0,27,3.46,0,0,4,0.49,0,0,0
12,Nova Scotia,Nouvelle-Ã‰cosse,4/8/2020,,342,0,1,342,12072,11178,,,12327,11414,32,10.32,34.92,0.1,1,0.29,513,531,,99.71,341,34.82,274,27.98,1,0.1,169,17.26,1,0.1,24,2.47,0,0.01,0
11,Prince Edward Island,ÃŽle-du-Prince-Ã‰douard,4/8/2020,,24,0,0,24,1347,888,,,8439,5563,2,9.09,15.04,0,0,0,408,13,,100,24,15.04,19,11.9,0,0,3,1.88,0,0,0,0.27,0,0,0
60,Yukon,Yukon,4/8/2020,,7,0,0,7,794,720,,,18881,17122,0,0,16.65,0,0,0,7,26,,100,7,16.65,4,9.51,0,0,2,4.76,0,0,0,0.68,0,0,0
61,Northwest Territories,Territoires du Nord-Ouest,4/8/2020,,5,0,0,5,1251,1245,,,27701,27568,0,0,11.07,0,0,0,21,13,,100,5,11.07,4,8.86,0,0,3,6.64,0,0,0,0.95,0,0,0
62,Nunavut,Nunavut,4/8/2020,,0,0,0,0,240,187,,,6099,4752,0,0,0,0,0,,6,10,,,,0,0,0,0,0,0,0,0,0,0,0,0,0,0
99,Repatriated travellers,Voyageurs rapatriÃ©s,4/8/2020,,13,0,0,13,76,48,,,,,0,0,,,0,0,0,0,,100,13,,0,,0,,0,,0,,0,,0,,
1,Canada,Canada,4/8/2020,,19274,15,435,19289,362045,278552,,,9526,7329,1392,7.78,50.75,1.14,55,2.26,19999,8727,,97.74,18854,49.61,15880,41.78,400,1.05,9676,25.46,326,0.86,1382,3.64,47,0.12,0
59,British Columbia,Colombie-Britannique,4/9/2020,,1370,0,50,1370,45156,50272,858,62.63,8772,9766,34,2.54,26.61,0.97,2,3.65,887,1124,20,33.72,462,8.97,645,12.53,36,0.7,249,4.84,19,0.37,36,0.69,3,0.05,0.39
48,Alberta,Alberta,4/9/2020,,1451,0,32,1451,68116,67397,,,15404,15242,28,1.97,32.81,0.72,3,2.21,1333,1705,,97.79,1419,32.09,965,21.82,30,0.68,483,10.92,19,0.43,69,1.56,3,0.06,0
47,Saskatchewan,Saskatchewan,4/9/2020,,278,0,3,278,16059,14705,,,13625,12476,7,2.58,23.59,0.25,0,1.08,1000,899,,98.92,275,23.33,183,15.53,3,0.25,72,6.11,0,0,10,0.87,0,0,0
46,Manitoba,Manitoba,4/9/2020,,207,17,3,224,14569,14502,,,10563,10514,3,1.36,16.24,0.22,0,1.34,0,477,,98.66,221,16.02,188,13.63,3,0.22,57,4.13,2,0.15,8,0.59,0,0.02,0
35,Ontario,Ontario,4/9/2020,,5759,0,200,5759,89906,0,,,6102,,483,9.15,39.09,1.36,26,3.47,4203,0,,96.53,5559,37.73,4901,33.26,185,1.26,2966,20.13,147,1,424,2.88,21,0.14,0
24,Quebec,QuÃ©bec,4/9/2020,,10912,0,216,10912,113365,114820,,,13221,13391,881,8.78,127.26,2.52,41,1.98,4095,5118,,98.02,10696,124.74,9283,108.26,208,2.43,5394,62.91,180,2.1,771,8.99,26,0.3,0
10,Newfoundland and Labrador,Terre-Neuve-et-Labrador,4/9/2020,,236,0,3,236,4384,5767,,,8397,11046,4,1.72,45.2,0.57,1,1.27,249,283,,98.73,233,44.63,154,29.5,3,0.57,53,10.15,2,0.38,8,1.45,0,0.05,0
13,New Brunswick,Nouveau-Brunswick,4/9/2020,,111,0,0,111,6949,6824,,,8892,8732,3,2.78,14.2,0,0,0,472,395,,100,111,14.2,78,9.98,0,0,20,2.56,0,0,3,0.37,0,0,0
12,Nova Scotia,Nouvelle-Ã‰cosse,4/9/2020,,373,0,2,373,13045,11890,,,13320,12141,31,9.06,38.09,0.2,1,0.54,973,712,,99.46,371,37.88,300,30.63,2,0.2,180,18.38,2,0.2,26,2.63,0,0.03,0
11,Prince Edward Island,ÃŽle-du-Prince-Ã‰douard,4/9/2020,,25,0,0,25,1435,988,,,8990,6190,1,4.17,15.66,0,0,0,88,100,,100,25,15.66,16,10.02,0,0,3,1.88,0,0,0,0.27,0,0,0
60,Yukon,Yukon,4/9/2020,,8,0,0,8,806,722,,,19167,17169,1,14.29,19.02,0,0,0,12,2,,100,8,19.02,5,11.89,0,0,2,4.76,0,0,0,0.68,0,0,0
61,Northwest Territories,Territoires du Nord-Ouest,4/9/2020,,5,0,0,5,1265,1245,,,28011,27568,0,0,11.07,0,0,0,14,0,,100,5,11.07,4,8.86,0,0,3,6.64,0,0,0,0.95,0,0,0
62,Nunavut,Nunavut,4/9/2020,,0,0,0,0,247,199,,,6277,5057,0,0,0,0,0,,7,12,,,,0,0,0,0,0,0,0,0,0,0,0,0,0,0
99,Repatriated travellers,Voyageurs rapatriÃ©s,4/9/2020,,13,0,0,13,76,48,,,,,0,0,,,0,0,0,0,,100,13,,0,,0,,0,,0,,0,,0,,
